-- phpMyAdmin SQL Dump
-- version 5.2.1
-- https://www.phpmyadmin.net/
--
-- Servidor: 127.0.0.1
-- Tiempo de generación: 20-10-2025 a las 22:41:33
-- Versión del servidor: 10.4.32-MariaDB
-- Versión de PHP: 8.2.12

SET SQL_MODE = "NO_AUTO_VALUE_ON_ZERO";
START TRANSACTION;
SET time_zone = "+00:00";


/*!40101 SET @OLD_CHARACTER_SET_CLIENT=@@CHARACTER_SET_CLIENT */;
/*!40101 SET @OLD_CHARACTER_SET_RESULTS=@@CHARACTER_SET_RESULTS */;
/*!40101 SET @OLD_COLLATION_CONNECTION=@@COLLATION_CONNECTION */;
/*!40101 SET NAMES utf8mb4 */;

--
-- Base de datos: `zero`
--

-- --------------------------------------------------------

--
-- Estructura de tabla para la tabla `criterios_aceptacion`
--

CREATE TABLE `criterios_aceptacion` (
  `id` int(11) NOT NULL,
  `id_funcionalidad` int(11) NOT NULL,
  `criterio` varchar(200) NOT NULL
) ENGINE=InnoDB DEFAULT CHARSET=utf8mb4 COLLATE=utf8mb4_general_ci;

--
-- Volcado de datos para la tabla `criterios_aceptacion`
--

INSERT INTO `criterios_aceptacion` (`id`, `id_funcionalidad`, `criterio`) VALUES
(1, 3, 'Criterio 1 para funcionalidad 3'),
(2, 3, 'Criterio 2 para funcionalidad 3'),
(3, 3, 'Criterio 3 para funcionalidad 3'),
(4, 6, 'Criterio 1 para funcionalidad 6'),
(5, 6, 'Criterio 2 para funcionalidad 6'),
(6, 6, 'Criterio 3 para funcionalidad 6'),
(7, 35, 'Criterio 1 para funcionalidad 35'),
(8, 35, 'Criterio 2 para funcionalidad 35'),
(9, 35, 'Criterio 3 para funcionalidad 35'),
(10, 42, 'Criterio 1 para funcionalidad 42'),
(11, 42, 'Criterio 2 para funcionalidad 42'),
(12, 42, 'Criterio 3 para funcionalidad 42'),
(13, 52, 'Criterio 1 para funcionalidad 52'),
(14, 52, 'Criterio 2 para funcionalidad 52'),
(15, 52, 'Criterio 3 para funcionalidad 52'),
(16, 54, 'Criterio 1 para funcionalidad 54'),
(17, 54, 'Criterio 2 para funcionalidad 54'),
(18, 54, 'Criterio 3 para funcionalidad 54'),
(19, 87, 'Criterio 1 para funcionalidad 87'),
(20, 87, 'Criterio 2 para funcionalidad 87'),
(21, 87, 'Criterio 3 para funcionalidad 87'),
(22, 88, 'Criterio 1 para funcionalidad 88'),
(23, 88, 'Criterio 2 para funcionalidad 88'),
(24, 88, 'Criterio 3 para funcionalidad 88'),
(25, 98, 'Criterio 1 para funcionalidad 98'),
(26, 98, 'Criterio 2 para funcionalidad 98'),
(27, 98, 'Criterio 3 para funcionalidad 98'),
(28, 99, 'Criterio 1 para funcionalidad 99'),
(29, 99, 'Criterio 2 para funcionalidad 99'),
(30, 99, 'Criterio 3 para funcionalidad 99'),
(31, 102, 'Criterio 1 para funcionalidad 102'),
(32, 102, 'Criterio 2 para funcionalidad 102'),
(33, 102, 'Criterio 3 para funcionalidad 102'),
(34, 109, 'Criterio 1 para funcionalidad 109'),
(35, 109, 'Criterio 2 para funcionalidad 109'),
(36, 109, 'Criterio 3 para funcionalidad 109'),
(37, 112, 'Criterio 1 para funcionalidad 112'),
(38, 112, 'Criterio 2 para funcionalidad 112'),
(39, 112, 'Criterio 3 para funcionalidad 112'),
(40, 115, 'Criterio 1 para funcionalidad 115'),
(41, 115, 'Criterio 2 para funcionalidad 115'),
(42, 115, 'Criterio 3 para funcionalidad 115'),
(43, 117, 'Criterio 1 para funcionalidad 117'),
(44, 117, 'Criterio 2 para funcionalidad 117'),
(45, 117, 'Criterio 3 para funcionalidad 117'),
(46, 155, 'Criterio 1 para funcionalidad 155'),
(47, 155, 'Criterio 2 para funcionalidad 155'),
(48, 155, 'Criterio 3 para funcionalidad 155'),
(49, 164, 'Criterio 1 para funcionalidad 164'),
(50, 164, 'Criterio 2 para funcionalidad 164'),
(51, 164, 'Criterio 3 para funcionalidad 164'),
(52, 166, 'Criterio 1 para funcionalidad 166'),
(53, 166, 'Criterio 2 para funcionalidad 166'),
(54, 166, 'Criterio 3 para funcionalidad 166'),
(55, 167, 'Criterio 1 para funcionalidad 167'),
(56, 167, 'Criterio 2 para funcionalidad 167'),
(57, 167, 'Criterio 3 para funcionalidad 167'),
(58, 175, 'Criterio 1 para funcionalidad 175'),
(59, 175, 'Criterio 2 para funcionalidad 175'),
(60, 175, 'Criterio 3 para funcionalidad 175'),
(61, 5, 'Criterio 1 para funcionalidad 5'),
(62, 5, 'Criterio 2 para funcionalidad 5'),
(63, 5, 'Criterio 3 para funcionalidad 5'),
(64, 14, 'Criterio 1 para funcionalidad 14'),
(65, 14, 'Criterio 2 para funcionalidad 14'),
(66, 14, 'Criterio 3 para funcionalidad 14'),
(67, 34, 'Criterio 1 para funcionalidad 34'),
(68, 34, 'Criterio 2 para funcionalidad 34'),
(69, 34, 'Criterio 3 para funcionalidad 34'),
(70, 36, 'Criterio 1 para funcionalidad 36'),
(71, 36, 'Criterio 2 para funcionalidad 36'),
(72, 36, 'Criterio 3 para funcionalidad 36'),
(73, 39, 'Criterio 1 para funcionalidad 39'),
(74, 39, 'Criterio 2 para funcionalidad 39'),
(75, 39, 'Criterio 3 para funcionalidad 39'),
(76, 45, 'Criterio 1 para funcionalidad 45'),
(77, 45, 'Criterio 2 para funcionalidad 45'),
(78, 45, 'Criterio 3 para funcionalidad 45'),
(79, 50, 'Criterio 1 para funcionalidad 50'),
(80, 50, 'Criterio 2 para funcionalidad 50'),
(81, 50, 'Criterio 3 para funcionalidad 50'),
(82, 58, 'Criterio 1 para funcionalidad 58'),
(83, 58, 'Criterio 2 para funcionalidad 58'),
(84, 58, 'Criterio 3 para funcionalidad 58'),
(85, 60, 'Criterio 1 para funcionalidad 60'),
(86, 60, 'Criterio 2 para funcionalidad 60'),
(87, 60, 'Criterio 3 para funcionalidad 60'),
(88, 64, 'Criterio 1 para funcionalidad 64'),
(89, 64, 'Criterio 2 para funcionalidad 64'),
(90, 64, 'Criterio 3 para funcionalidad 64'),
(91, 65, 'Criterio 1 para funcionalidad 65'),
(92, 65, 'Criterio 2 para funcionalidad 65'),
(93, 65, 'Criterio 3 para funcionalidad 65'),
(94, 69, 'Criterio 1 para funcionalidad 69'),
(95, 69, 'Criterio 2 para funcionalidad 69'),
(96, 69, 'Criterio 3 para funcionalidad 69'),
(97, 104, 'Criterio 1 para funcionalidad 104'),
(98, 104, 'Criterio 2 para funcionalidad 104'),
(99, 104, 'Criterio 3 para funcionalidad 104'),
(100, 105, 'Criterio 1 para funcionalidad 105'),
(101, 105, 'Criterio 2 para funcionalidad 105'),
(102, 105, 'Criterio 3 para funcionalidad 105'),
(103, 113, 'Criterio 1 para funcionalidad 113'),
(104, 113, 'Criterio 2 para funcionalidad 113'),
(105, 113, 'Criterio 3 para funcionalidad 113'),
(106, 122, 'Criterio 1 para funcionalidad 122'),
(107, 122, 'Criterio 2 para funcionalidad 122'),
(108, 122, 'Criterio 3 para funcionalidad 122'),
(109, 126, 'Criterio 1 para funcionalidad 126'),
(110, 126, 'Criterio 2 para funcionalidad 126'),
(111, 126, 'Criterio 3 para funcionalidad 126'),
(112, 139, 'Criterio 1 para funcionalidad 139'),
(113, 139, 'Criterio 2 para funcionalidad 139'),
(114, 139, 'Criterio 3 para funcionalidad 139'),
(115, 141, 'Criterio 1 para funcionalidad 141'),
(116, 141, 'Criterio 2 para funcionalidad 141'),
(117, 141, 'Criterio 3 para funcionalidad 141'),
(118, 176, 'Criterio 1 para funcionalidad 176'),
(119, 176, 'Criterio 2 para funcionalidad 176'),
(120, 176, 'Criterio 3 para funcionalidad 176'),
(121, 179, 'Criterio 1 para funcionalidad 179'),
(122, 179, 'Criterio 2 para funcionalidad 179'),
(123, 179, 'Criterio 3 para funcionalidad 179'),
(124, 180, 'Criterio 1 para funcionalidad 180'),
(125, 180, 'Criterio 2 para funcionalidad 180'),
(126, 180, 'Criterio 3 para funcionalidad 180'),
(127, 186, 'Criterio 1 para funcionalidad 186'),
(128, 186, 'Criterio 2 para funcionalidad 186'),
(129, 186, 'Criterio 3 para funcionalidad 186'),
(130, 187, 'Criterio 1 para funcionalidad 187'),
(131, 187, 'Criterio 2 para funcionalidad 187'),
(132, 187, 'Criterio 3 para funcionalidad 187'),
(133, 191, 'Criterio 1 para funcionalidad 191'),
(134, 191, 'Criterio 2 para funcionalidad 191'),
(135, 191, 'Criterio 3 para funcionalidad 191'),
(136, 196, 'Criterio 1 para funcionalidad 196'),
(137, 196, 'Criterio 2 para funcionalidad 196'),
(138, 196, 'Criterio 3 para funcionalidad 196'),
(139, 198, 'Criterio 1 para funcionalidad 198'),
(140, 198, 'Criterio 2 para funcionalidad 198'),
(141, 198, 'Criterio 3 para funcionalidad 198'),
(142, 8, 'Criterio 1 para funcionalidad 8'),
(143, 8, 'Criterio 2 para funcionalidad 8'),
(144, 8, 'Criterio 3 para funcionalidad 8'),
(145, 38, 'Criterio 1 para funcionalidad 38'),
(146, 38, 'Criterio 2 para funcionalidad 38'),
(147, 38, 'Criterio 3 para funcionalidad 38'),
(148, 41, 'Criterio 1 para funcionalidad 41'),
(149, 41, 'Criterio 2 para funcionalidad 41'),
(150, 41, 'Criterio 3 para funcionalidad 41'),
(151, 47, 'Criterio 1 para funcionalidad 47'),
(152, 47, 'Criterio 2 para funcionalidad 47'),
(153, 47, 'Criterio 3 para funcionalidad 47'),
(154, 67, 'Criterio 1 para funcionalidad 67'),
(155, 67, 'Criterio 2 para funcionalidad 67'),
(156, 67, 'Criterio 3 para funcionalidad 67'),
(157, 73, 'Criterio 1 para funcionalidad 73'),
(158, 73, 'Criterio 2 para funcionalidad 73'),
(159, 73, 'Criterio 3 para funcionalidad 73'),
(160, 75, 'Criterio 1 para funcionalidad 75'),
(161, 75, 'Criterio 2 para funcionalidad 75'),
(162, 75, 'Criterio 3 para funcionalidad 75'),
(163, 81, 'Criterio 1 para funcionalidad 81'),
(164, 81, 'Criterio 2 para funcionalidad 81'),
(165, 81, 'Criterio 3 para funcionalidad 81'),
(166, 90, 'Criterio 1 para funcionalidad 90'),
(167, 90, 'Criterio 2 para funcionalidad 90'),
(168, 90, 'Criterio 3 para funcionalidad 90'),
(169, 97, 'Criterio 1 para funcionalidad 97'),
(170, 97, 'Criterio 2 para funcionalidad 97'),
(171, 97, 'Criterio 3 para funcionalidad 97'),
(172, 110, 'Criterio 1 para funcionalidad 110'),
(173, 110, 'Criterio 2 para funcionalidad 110'),
(174, 110, 'Criterio 3 para funcionalidad 110'),
(175, 119, 'Criterio 1 para funcionalidad 119'),
(176, 119, 'Criterio 2 para funcionalidad 119'),
(177, 119, 'Criterio 3 para funcionalidad 119'),
(178, 133, 'Criterio 1 para funcionalidad 133'),
(179, 133, 'Criterio 2 para funcionalidad 133'),
(180, 133, 'Criterio 3 para funcionalidad 133'),
(181, 136, 'Criterio 1 para funcionalidad 136'),
(182, 136, 'Criterio 2 para funcionalidad 136'),
(183, 136, 'Criterio 3 para funcionalidad 136'),
(184, 143, 'Criterio 1 para funcionalidad 143'),
(185, 143, 'Criterio 2 para funcionalidad 143'),
(186, 143, 'Criterio 3 para funcionalidad 143'),
(187, 147, 'Criterio 1 para funcionalidad 147'),
(188, 147, 'Criterio 2 para funcionalidad 147'),
(189, 147, 'Criterio 3 para funcionalidad 147'),
(190, 148, 'Criterio 1 para funcionalidad 148'),
(191, 148, 'Criterio 2 para funcionalidad 148'),
(192, 148, 'Criterio 3 para funcionalidad 148'),
(193, 151, 'Criterio 1 para funcionalidad 151'),
(194, 151, 'Criterio 2 para funcionalidad 151'),
(195, 151, 'Criterio 3 para funcionalidad 151'),
(196, 159, 'Criterio 1 para funcionalidad 159'),
(197, 159, 'Criterio 2 para funcionalidad 159'),
(198, 159, 'Criterio 3 para funcionalidad 159'),
(199, 161, 'Criterio 1 para funcionalidad 161'),
(200, 161, 'Criterio 2 para funcionalidad 161'),
(201, 161, 'Criterio 3 para funcionalidad 161'),
(202, 169, 'Criterio 1 para funcionalidad 169'),
(203, 169, 'Criterio 2 para funcionalidad 169'),
(204, 169, 'Criterio 3 para funcionalidad 169'),
(205, 184, 'Criterio 1 para funcionalidad 184'),
(206, 184, 'Criterio 2 para funcionalidad 184'),
(207, 184, 'Criterio 3 para funcionalidad 184'),
(208, 199, 'Criterio 1 para funcionalidad 199'),
(209, 199, 'Criterio 2 para funcionalidad 199'),
(210, 199, 'Criterio 3 para funcionalidad 199'),
(211, 1, 'Criterio 1 para funcionalidad 1'),
(212, 1, 'Criterio 2 para funcionalidad 1'),
(213, 1, 'Criterio 3 para funcionalidad 1'),
(214, 15, 'Criterio 1 para funcionalidad 15'),
(215, 15, 'Criterio 2 para funcionalidad 15'),
(216, 15, 'Criterio 3 para funcionalidad 15'),
(217, 24, 'Criterio 1 para funcionalidad 24'),
(218, 24, 'Criterio 2 para funcionalidad 24'),
(219, 24, 'Criterio 3 para funcionalidad 24'),
(220, 25, 'Criterio 1 para funcionalidad 25'),
(221, 25, 'Criterio 2 para funcionalidad 25'),
(222, 25, 'Criterio 3 para funcionalidad 25'),
(223, 27, 'Criterio 1 para funcionalidad 27'),
(224, 27, 'Criterio 2 para funcionalidad 27'),
(225, 27, 'Criterio 3 para funcionalidad 27'),
(226, 32, 'Criterio 1 para funcionalidad 32'),
(227, 32, 'Criterio 2 para funcionalidad 32'),
(228, 32, 'Criterio 3 para funcionalidad 32'),
(229, 33, 'Criterio 1 para funcionalidad 33'),
(230, 33, 'Criterio 2 para funcionalidad 33'),
(231, 33, 'Criterio 3 para funcionalidad 33'),
(232, 43, 'Criterio 1 para funcionalidad 43'),
(233, 43, 'Criterio 2 para funcionalidad 43'),
(234, 43, 'Criterio 3 para funcionalidad 43'),
(235, 48, 'Criterio 1 para funcionalidad 48'),
(236, 48, 'Criterio 2 para funcionalidad 48'),
(237, 48, 'Criterio 3 para funcionalidad 48'),
(238, 71, 'Criterio 1 para funcionalidad 71'),
(239, 71, 'Criterio 2 para funcionalidad 71'),
(240, 71, 'Criterio 3 para funcionalidad 71'),
(241, 72, 'Criterio 1 para funcionalidad 72'),
(242, 72, 'Criterio 2 para funcionalidad 72'),
(243, 72, 'Criterio 3 para funcionalidad 72'),
(244, 74, 'Criterio 1 para funcionalidad 74'),
(245, 74, 'Criterio 2 para funcionalidad 74'),
(246, 74, 'Criterio 3 para funcionalidad 74'),
(247, 83, 'Criterio 1 para funcionalidad 83'),
(248, 83, 'Criterio 2 para funcionalidad 83'),
(249, 83, 'Criterio 3 para funcionalidad 83'),
(250, 94, 'Criterio 1 para funcionalidad 94'),
(251, 94, 'Criterio 2 para funcionalidad 94'),
(252, 94, 'Criterio 3 para funcionalidad 94'),
(253, 95, 'Criterio 1 para funcionalidad 95'),
(254, 95, 'Criterio 2 para funcionalidad 95'),
(255, 95, 'Criterio 3 para funcionalidad 95'),
(256, 106, 'Criterio 1 para funcionalidad 106'),
(257, 106, 'Criterio 2 para funcionalidad 106'),
(258, 106, 'Criterio 3 para funcionalidad 106'),
(259, 107, 'Criterio 1 para funcionalidad 107'),
(260, 107, 'Criterio 2 para funcionalidad 107'),
(261, 107, 'Criterio 3 para funcionalidad 107'),
(262, 108, 'Criterio 1 para funcionalidad 108'),
(263, 108, 'Criterio 2 para funcionalidad 108'),
(264, 108, 'Criterio 3 para funcionalidad 108'),
(265, 171, 'Criterio 1 para funcionalidad 171'),
(266, 171, 'Criterio 2 para funcionalidad 171'),
(267, 171, 'Criterio 3 para funcionalidad 171'),
(268, 173, 'Criterio 1 para funcionalidad 173'),
(269, 173, 'Criterio 2 para funcionalidad 173'),
(270, 173, 'Criterio 3 para funcionalidad 173'),
(271, 177, 'Criterio 1 para funcionalidad 177'),
(272, 177, 'Criterio 2 para funcionalidad 177'),
(273, 177, 'Criterio 3 para funcionalidad 177'),
(274, 188, 'Criterio 1 para funcionalidad 188'),
(275, 188, 'Criterio 2 para funcionalidad 188'),
(276, 188, 'Criterio 3 para funcionalidad 188'),
(277, 2, 'Criterio 1 para funcionalidad 2'),
(278, 2, 'Criterio 2 para funcionalidad 2'),
(279, 2, 'Criterio 3 para funcionalidad 2'),
(280, 10, 'Criterio 1 para funcionalidad 10'),
(281, 10, 'Criterio 2 para funcionalidad 10'),
(282, 10, 'Criterio 3 para funcionalidad 10'),
(283, 21, 'Criterio 1 para funcionalidad 21'),
(284, 21, 'Criterio 2 para funcionalidad 21'),
(285, 21, 'Criterio 3 para funcionalidad 21'),
(286, 22, 'Criterio 1 para funcionalidad 22'),
(287, 22, 'Criterio 2 para funcionalidad 22'),
(288, 22, 'Criterio 3 para funcionalidad 22'),
(289, 23, 'Criterio 1 para funcionalidad 23'),
(290, 23, 'Criterio 2 para funcionalidad 23'),
(291, 23, 'Criterio 3 para funcionalidad 23'),
(292, 28, 'Criterio 1 para funcionalidad 28'),
(293, 28, 'Criterio 2 para funcionalidad 28'),
(294, 28, 'Criterio 3 para funcionalidad 28'),
(295, 31, 'Criterio 1 para funcionalidad 31'),
(296, 31, 'Criterio 2 para funcionalidad 31'),
(297, 31, 'Criterio 3 para funcionalidad 31'),
(298, 37, 'Criterio 1 para funcionalidad 37'),
(299, 37, 'Criterio 2 para funcionalidad 37'),
(300, 37, 'Criterio 3 para funcionalidad 37'),
(301, 44, 'Criterio 1 para funcionalidad 44'),
(302, 44, 'Criterio 2 para funcionalidad 44'),
(303, 44, 'Criterio 3 para funcionalidad 44'),
(304, 55, 'Criterio 1 para funcionalidad 55'),
(305, 55, 'Criterio 2 para funcionalidad 55'),
(306, 55, 'Criterio 3 para funcionalidad 55'),
(307, 57, 'Criterio 1 para funcionalidad 57'),
(308, 57, 'Criterio 2 para funcionalidad 57'),
(309, 57, 'Criterio 3 para funcionalidad 57'),
(310, 63, 'Criterio 1 para funcionalidad 63'),
(311, 63, 'Criterio 2 para funcionalidad 63'),
(312, 63, 'Criterio 3 para funcionalidad 63'),
(313, 66, 'Criterio 1 para funcionalidad 66'),
(314, 66, 'Criterio 2 para funcionalidad 66'),
(315, 66, 'Criterio 3 para funcionalidad 66'),
(316, 68, 'Criterio 1 para funcionalidad 68'),
(317, 68, 'Criterio 2 para funcionalidad 68'),
(318, 68, 'Criterio 3 para funcionalidad 68'),
(319, 70, 'Criterio 1 para funcionalidad 70'),
(320, 70, 'Criterio 2 para funcionalidad 70'),
(321, 70, 'Criterio 3 para funcionalidad 70'),
(322, 82, 'Criterio 1 para funcionalidad 82'),
(323, 82, 'Criterio 2 para funcionalidad 82'),
(324, 82, 'Criterio 3 para funcionalidad 82'),
(325, 86, 'Criterio 1 para funcionalidad 86'),
(326, 86, 'Criterio 2 para funcionalidad 86'),
(327, 86, 'Criterio 3 para funcionalidad 86'),
(328, 96, 'Criterio 1 para funcionalidad 96'),
(329, 96, 'Criterio 2 para funcionalidad 96'),
(330, 96, 'Criterio 3 para funcionalidad 96'),
(331, 100, 'Criterio 1 para funcionalidad 100'),
(332, 100, 'Criterio 2 para funcionalidad 100'),
(333, 100, 'Criterio 3 para funcionalidad 100'),
(334, 101, 'Criterio 1 para funcionalidad 101'),
(335, 101, 'Criterio 2 para funcionalidad 101'),
(336, 101, 'Criterio 3 para funcionalidad 101'),
(337, 103, 'Criterio 1 para funcionalidad 103'),
(338, 103, 'Criterio 2 para funcionalidad 103'),
(339, 103, 'Criterio 3 para funcionalidad 103'),
(340, 111, 'Criterio 1 para funcionalidad 111'),
(341, 111, 'Criterio 2 para funcionalidad 111'),
(342, 111, 'Criterio 3 para funcionalidad 111'),
(343, 123, 'Criterio 1 para funcionalidad 123'),
(344, 123, 'Criterio 2 para funcionalidad 123'),
(345, 123, 'Criterio 3 para funcionalidad 123'),
(346, 128, 'Criterio 1 para funcionalidad 128'),
(347, 128, 'Criterio 2 para funcionalidad 128'),
(348, 128, 'Criterio 3 para funcionalidad 128'),
(349, 140, 'Criterio 1 para funcionalidad 140'),
(350, 140, 'Criterio 2 para funcionalidad 140'),
(351, 140, 'Criterio 3 para funcionalidad 140'),
(352, 142, 'Criterio 1 para funcionalidad 142'),
(353, 142, 'Criterio 2 para funcionalidad 142'),
(354, 142, 'Criterio 3 para funcionalidad 142'),
(355, 144, 'Criterio 1 para funcionalidad 144'),
(356, 144, 'Criterio 2 para funcionalidad 144'),
(357, 144, 'Criterio 3 para funcionalidad 144'),
(358, 145, 'Criterio 1 para funcionalidad 145'),
(359, 145, 'Criterio 2 para funcionalidad 145'),
(360, 145, 'Criterio 3 para funcionalidad 145'),
(361, 149, 'Criterio 1 para funcionalidad 149'),
(362, 149, 'Criterio 2 para funcionalidad 149'),
(363, 149, 'Criterio 3 para funcionalidad 149'),
(364, 153, 'Criterio 1 para funcionalidad 153'),
(365, 153, 'Criterio 2 para funcionalidad 153'),
(366, 153, 'Criterio 3 para funcionalidad 153'),
(367, 154, 'Criterio 1 para funcionalidad 154'),
(368, 154, 'Criterio 2 para funcionalidad 154'),
(369, 154, 'Criterio 3 para funcionalidad 154'),
(370, 172, 'Criterio 1 para funcionalidad 172'),
(371, 172, 'Criterio 2 para funcionalidad 172'),
(372, 172, 'Criterio 3 para funcionalidad 172'),
(373, 178, 'Criterio 1 para funcionalidad 178'),
(374, 178, 'Criterio 2 para funcionalidad 178'),
(375, 178, 'Criterio 3 para funcionalidad 178'),
(376, 183, 'Criterio 1 para funcionalidad 183'),
(377, 183, 'Criterio 2 para funcionalidad 183'),
(378, 183, 'Criterio 3 para funcionalidad 183'),
(379, 185, 'Criterio 1 para funcionalidad 185'),
(380, 185, 'Criterio 2 para funcionalidad 185'),
(381, 185, 'Criterio 3 para funcionalidad 185'),
(382, 200, 'Criterio 1 para funcionalidad 200'),
(383, 200, 'Criterio 2 para funcionalidad 200'),
(384, 200, 'Criterio 3 para funcionalidad 200'),
(385, 11, 'Criterio 1 para funcionalidad 11'),
(386, 11, 'Criterio 2 para funcionalidad 11'),
(387, 11, 'Criterio 3 para funcionalidad 11'),
(388, 12, 'Criterio 1 para funcionalidad 12'),
(389, 12, 'Criterio 2 para funcionalidad 12'),
(390, 12, 'Criterio 3 para funcionalidad 12'),
(391, 13, 'Criterio 1 para funcionalidad 13'),
(392, 13, 'Criterio 2 para funcionalidad 13'),
(393, 13, 'Criterio 3 para funcionalidad 13'),
(394, 20, 'Criterio 1 para funcionalidad 20'),
(395, 20, 'Criterio 2 para funcionalidad 20'),
(396, 20, 'Criterio 3 para funcionalidad 20'),
(397, 49, 'Criterio 1 para funcionalidad 49'),
(398, 49, 'Criterio 2 para funcionalidad 49'),
(399, 49, 'Criterio 3 para funcionalidad 49'),
(400, 51, 'Criterio 1 para funcionalidad 51'),
(401, 51, 'Criterio 2 para funcionalidad 51'),
(402, 51, 'Criterio 3 para funcionalidad 51'),
(403, 53, 'Criterio 1 para funcionalidad 53'),
(404, 53, 'Criterio 2 para funcionalidad 53'),
(405, 53, 'Criterio 3 para funcionalidad 53'),
(406, 79, 'Criterio 1 para funcionalidad 79'),
(407, 79, 'Criterio 2 para funcionalidad 79'),
(408, 79, 'Criterio 3 para funcionalidad 79'),
(409, 89, 'Criterio 1 para funcionalidad 89'),
(410, 89, 'Criterio 2 para funcionalidad 89'),
(411, 89, 'Criterio 3 para funcionalidad 89'),
(412, 91, 'Criterio 1 para funcionalidad 91'),
(413, 91, 'Criterio 2 para funcionalidad 91'),
(414, 91, 'Criterio 3 para funcionalidad 91'),
(415, 116, 'Criterio 1 para funcionalidad 116'),
(416, 116, 'Criterio 2 para funcionalidad 116'),
(417, 116, 'Criterio 3 para funcionalidad 116'),
(418, 124, 'Criterio 1 para funcionalidad 124'),
(419, 124, 'Criterio 2 para funcionalidad 124'),
(420, 124, 'Criterio 3 para funcionalidad 124'),
(421, 125, 'Criterio 1 para funcionalidad 125'),
(422, 125, 'Criterio 2 para funcionalidad 125'),
(423, 125, 'Criterio 3 para funcionalidad 125'),
(424, 130, 'Criterio 1 para funcionalidad 130'),
(425, 130, 'Criterio 2 para funcionalidad 130'),
(426, 130, 'Criterio 3 para funcionalidad 130'),
(427, 134, 'Criterio 1 para funcionalidad 134'),
(428, 134, 'Criterio 2 para funcionalidad 134'),
(429, 134, 'Criterio 3 para funcionalidad 134'),
(430, 138, 'Criterio 1 para funcionalidad 138'),
(431, 138, 'Criterio 2 para funcionalidad 138'),
(432, 138, 'Criterio 3 para funcionalidad 138'),
(433, 157, 'Criterio 1 para funcionalidad 157'),
(434, 157, 'Criterio 2 para funcionalidad 157'),
(435, 157, 'Criterio 3 para funcionalidad 157'),
(436, 160, 'Criterio 1 para funcionalidad 160'),
(437, 160, 'Criterio 2 para funcionalidad 160'),
(438, 160, 'Criterio 3 para funcionalidad 160'),
(439, 163, 'Criterio 1 para funcionalidad 163'),
(440, 163, 'Criterio 2 para funcionalidad 163'),
(441, 163, 'Criterio 3 para funcionalidad 163'),
(442, 165, 'Criterio 1 para funcionalidad 165'),
(443, 165, 'Criterio 2 para funcionalidad 165'),
(444, 165, 'Criterio 3 para funcionalidad 165'),
(445, 174, 'Criterio 1 para funcionalidad 174'),
(446, 174, 'Criterio 2 para funcionalidad 174'),
(447, 174, 'Criterio 3 para funcionalidad 174'),
(448, 189, 'Criterio 1 para funcionalidad 189'),
(449, 189, 'Criterio 2 para funcionalidad 189'),
(450, 189, 'Criterio 3 para funcionalidad 189'),
(451, 193, 'Criterio 1 para funcionalidad 193'),
(452, 193, 'Criterio 2 para funcionalidad 193'),
(453, 193, 'Criterio 3 para funcionalidad 193'),
(454, 4, 'Criterio 1 para funcionalidad 4'),
(455, 4, 'Criterio 2 para funcionalidad 4'),
(456, 4, 'Criterio 3 para funcionalidad 4'),
(457, 16, 'Criterio 1 para funcionalidad 16'),
(458, 16, 'Criterio 2 para funcionalidad 16'),
(459, 16, 'Criterio 3 para funcionalidad 16'),
(460, 26, 'Criterio 1 para funcionalidad 26'),
(461, 26, 'Criterio 2 para funcionalidad 26'),
(462, 26, 'Criterio 3 para funcionalidad 26'),
(463, 29, 'Criterio 1 para funcionalidad 29'),
(464, 29, 'Criterio 2 para funcionalidad 29'),
(465, 29, 'Criterio 3 para funcionalidad 29'),
(466, 30, 'Criterio 1 para funcionalidad 30'),
(467, 30, 'Criterio 2 para funcionalidad 30'),
(468, 30, 'Criterio 3 para funcionalidad 30'),
(469, 61, 'Criterio 1 para funcionalidad 61'),
(470, 61, 'Criterio 2 para funcionalidad 61'),
(471, 61, 'Criterio 3 para funcionalidad 61'),
(472, 76, 'Criterio 1 para funcionalidad 76'),
(473, 76, 'Criterio 2 para funcionalidad 76'),
(474, 76, 'Criterio 3 para funcionalidad 76'),
(475, 85, 'Criterio 1 para funcionalidad 85'),
(476, 85, 'Criterio 2 para funcionalidad 85'),
(477, 85, 'Criterio 3 para funcionalidad 85'),
(478, 93, 'Criterio 1 para funcionalidad 93'),
(479, 93, 'Criterio 2 para funcionalidad 93'),
(480, 93, 'Criterio 3 para funcionalidad 93'),
(481, 118, 'Criterio 1 para funcionalidad 118'),
(482, 118, 'Criterio 2 para funcionalidad 118'),
(483, 118, 'Criterio 3 para funcionalidad 118'),
(484, 120, 'Criterio 1 para funcionalidad 120'),
(485, 120, 'Criterio 2 para funcionalidad 120'),
(486, 120, 'Criterio 3 para funcionalidad 120'),
(487, 146, 'Criterio 1 para funcionalidad 146'),
(488, 146, 'Criterio 2 para funcionalidad 146'),
(489, 146, 'Criterio 3 para funcionalidad 146'),
(490, 150, 'Criterio 1 para funcionalidad 150'),
(491, 150, 'Criterio 2 para funcionalidad 150'),
(492, 150, 'Criterio 3 para funcionalidad 150'),
(493, 158, 'Criterio 1 para funcionalidad 158'),
(494, 158, 'Criterio 2 para funcionalidad 158'),
(495, 158, 'Criterio 3 para funcionalidad 158'),
(496, 162, 'Criterio 1 para funcionalidad 162'),
(497, 162, 'Criterio 2 para funcionalidad 162'),
(498, 162, 'Criterio 3 para funcionalidad 162'),
(499, 168, 'Criterio 1 para funcionalidad 168'),
(500, 168, 'Criterio 2 para funcionalidad 168'),
(501, 168, 'Criterio 3 para funcionalidad 168'),
(502, 170, 'Criterio 1 para funcionalidad 170'),
(503, 170, 'Criterio 2 para funcionalidad 170'),
(504, 170, 'Criterio 3 para funcionalidad 170'),
(505, 182, 'Criterio 1 para funcionalidad 182'),
(506, 182, 'Criterio 2 para funcionalidad 182'),
(507, 182, 'Criterio 3 para funcionalidad 182'),
(508, 7, 'Criterio 1 para funcionalidad 7'),
(509, 7, 'Criterio 2 para funcionalidad 7'),
(510, 7, 'Criterio 3 para funcionalidad 7'),
(511, 9, 'Criterio 1 para funcionalidad 9'),
(512, 9, 'Criterio 2 para funcionalidad 9'),
(513, 9, 'Criterio 3 para funcionalidad 9'),
(514, 17, 'Criterio 1 para funcionalidad 17'),
(515, 17, 'Criterio 2 para funcionalidad 17'),
(516, 17, 'Criterio 3 para funcionalidad 17'),
(517, 18, 'Criterio 1 para funcionalidad 18'),
(518, 18, 'Criterio 2 para funcionalidad 18'),
(519, 18, 'Criterio 3 para funcionalidad 18'),
(520, 19, 'Criterio 1 para funcionalidad 19'),
(521, 19, 'Criterio 2 para funcionalidad 19'),
(522, 19, 'Criterio 3 para funcionalidad 19'),
(523, 40, 'Criterio 1 para funcionalidad 40'),
(524, 40, 'Criterio 2 para funcionalidad 40'),
(525, 40, 'Criterio 3 para funcionalidad 40'),
(526, 46, 'Criterio 1 para funcionalidad 46'),
(527, 46, 'Criterio 2 para funcionalidad 46'),
(528, 46, 'Criterio 3 para funcionalidad 46'),
(529, 56, 'Criterio 1 para funcionalidad 56'),
(530, 56, 'Criterio 2 para funcionalidad 56'),
(531, 56, 'Criterio 3 para funcionalidad 56'),
(532, 59, 'Criterio 1 para funcionalidad 59'),
(533, 59, 'Criterio 2 para funcionalidad 59'),
(534, 59, 'Criterio 3 para funcionalidad 59'),
(535, 62, 'Criterio 1 para funcionalidad 62'),
(536, 62, 'Criterio 2 para funcionalidad 62'),
(537, 62, 'Criterio 3 para funcionalidad 62'),
(538, 77, 'Criterio 1 para funcionalidad 77'),
(539, 77, 'Criterio 2 para funcionalidad 77'),
(540, 77, 'Criterio 3 para funcionalidad 77'),
(541, 78, 'Criterio 1 para funcionalidad 78'),
(542, 78, 'Criterio 2 para funcionalidad 78'),
(543, 78, 'Criterio 3 para funcionalidad 78'),
(544, 80, 'Criterio 1 para funcionalidad 80'),
(545, 80, 'Criterio 2 para funcionalidad 80'),
(546, 80, 'Criterio 3 para funcionalidad 80'),
(547, 84, 'Criterio 1 para funcionalidad 84'),
(548, 84, 'Criterio 2 para funcionalidad 84'),
(549, 84, 'Criterio 3 para funcionalidad 84'),
(550, 92, 'Criterio 1 para funcionalidad 92'),
(551, 92, 'Criterio 2 para funcionalidad 92'),
(552, 92, 'Criterio 3 para funcionalidad 92'),
(553, 114, 'Criterio 1 para funcionalidad 114'),
(554, 114, 'Criterio 2 para funcionalidad 114'),
(555, 114, 'Criterio 3 para funcionalidad 114'),
(556, 121, 'Criterio 1 para funcionalidad 121'),
(557, 121, 'Criterio 2 para funcionalidad 121'),
(558, 121, 'Criterio 3 para funcionalidad 121'),
(559, 127, 'Criterio 1 para funcionalidad 127'),
(560, 127, 'Criterio 2 para funcionalidad 127'),
(561, 127, 'Criterio 3 para funcionalidad 127'),
(562, 129, 'Criterio 1 para funcionalidad 129'),
(563, 129, 'Criterio 2 para funcionalidad 129'),
(564, 129, 'Criterio 3 para funcionalidad 129'),
(565, 131, 'Criterio 1 para funcionalidad 131'),
(566, 131, 'Criterio 2 para funcionalidad 131'),
(567, 131, 'Criterio 3 para funcionalidad 131'),
(568, 132, 'Criterio 1 para funcionalidad 132'),
(569, 132, 'Criterio 2 para funcionalidad 132'),
(570, 132, 'Criterio 3 para funcionalidad 132'),
(571, 135, 'Criterio 1 para funcionalidad 135'),
(572, 135, 'Criterio 2 para funcionalidad 135'),
(573, 135, 'Criterio 3 para funcionalidad 135'),
(574, 137, 'Criterio 1 para funcionalidad 137'),
(575, 137, 'Criterio 2 para funcionalidad 137'),
(576, 137, 'Criterio 3 para funcionalidad 137'),
(577, 152, 'Criterio 1 para funcionalidad 152'),
(578, 152, 'Criterio 2 para funcionalidad 152'),
(579, 152, 'Criterio 3 para funcionalidad 152'),
(580, 156, 'Criterio 1 para funcionalidad 156'),
(581, 156, 'Criterio 2 para funcionalidad 156'),
(582, 156, 'Criterio 3 para funcionalidad 156'),
(583, 181, 'Criterio 1 para funcionalidad 181'),
(584, 181, 'Criterio 2 para funcionalidad 181'),
(585, 181, 'Criterio 3 para funcionalidad 181'),
(586, 190, 'Criterio 1 para funcionalidad 190'),
(587, 190, 'Criterio 2 para funcionalidad 190'),
(588, 190, 'Criterio 3 para funcionalidad 190'),
(589, 192, 'Criterio 1 para funcionalidad 192'),
(590, 192, 'Criterio 2 para funcionalidad 192'),
(591, 192, 'Criterio 3 para funcionalidad 192'),
(592, 194, 'Criterio 1 para funcionalidad 194'),
(593, 194, 'Criterio 2 para funcionalidad 194'),
(594, 194, 'Criterio 3 para funcionalidad 194'),
(595, 195, 'Criterio 1 para funcionalidad 195'),
(596, 195, 'Criterio 2 para funcionalidad 195'),
(597, 195, 'Criterio 3 para funcionalidad 195'),
(598, 197, 'Criterio 1 para funcionalidad 197'),
(599, 197, 'Criterio 2 para funcionalidad 197'),
(600, 197, 'Criterio 3 para funcionalidad 197');

-- --------------------------------------------------------

--
-- Estructura de tabla para la tabla `ingenieros`
--

CREATE TABLE `ingenieros` (
  `rut` varchar(10) NOT NULL,
  `nombre` varchar(100) NOT NULL,
  `email` varchar(100) NOT NULL
) ENGINE=InnoDB DEFAULT CHARSET=utf8mb4 COLLATE=utf8mb4_general_ci;

--
-- Volcado de datos para la tabla `ingenieros`
--

INSERT INTO `ingenieros` (`rut`, `nombre`, `email`) VALUES
('00000101-1', 'Ingeniero_1', 'ingeniero1@mail.com'),
('00000102-2', 'Ingeniero_2', 'ingeniero2@mail.com'),
('00000103-3', 'Ingeniero_3', 'ingeniero3@mail.com'),
('00000104-4', 'Ingeniero_4', 'ingeniero4@mail.com'),
('00000105-5', 'Ingeniero_5', 'ingeniero5@mail.com'),
('00000106-6', 'Ingeniero_6', 'ingeniero6@mail.com'),
('00000107-7', 'Ingeniero_7', 'ingeniero7@mail.com'),
('00000108-8', 'Ingeniero_8', 'ingeniero8@mail.com'),
('00000109-9', 'Ingeniero_9', 'ingeniero9@mail.com'),
('00000110-0', 'Ingeniero_10', 'ingeniero10@mail.com'),
('00000111-1', 'Ingeniero_11', 'ingeniero11@mail.com'),
('00000112-2', 'Ingeniero_12', 'ingeniero12@mail.com'),
('00000113-3', 'Ingeniero_13', 'ingeniero13@mail.com'),
('00000114-4', 'Ingeniero_14', 'ingeniero14@mail.com'),
('00000115-5', 'Ingeniero_15', 'ingeniero15@mail.com'),
('00000116-6', 'Ingeniero_16', 'ingeniero16@mail.com'),
('00000117-7', 'Ingeniero_17', 'ingeniero17@mail.com'),
('00000118-8', 'Ingeniero_18', 'ingeniero18@mail.com'),
('00000119-9', 'Ingeniero_19', 'ingeniero19@mail.com'),
('00000120-0', 'Ingeniero_20', 'ingeniero20@mail.com'),
('00000121-1', 'Ingeniero_21', 'ingeniero21@mail.com'),
('00000122-2', 'Ingeniero_22', 'ingeniero22@mail.com'),
('00000123-3', 'Ingeniero_23', 'ingeniero23@mail.com'),
('00000124-4', 'Ingeniero_24', 'ingeniero24@mail.com'),
('00000125-5', 'Ingeniero_25', 'ingeniero25@mail.com'),
('00000126-6', 'Ingeniero_26', 'ingeniero26@mail.com'),
('00000127-7', 'Ingeniero_27', 'ingeniero27@mail.com'),
('00000128-8', 'Ingeniero_28', 'ingeniero28@mail.com'),
('00000129-9', 'Ingeniero_29', 'ingeniero29@mail.com'),
('00000130-0', 'Ingeniero_30', 'ingeniero30@mail.com'),
('00000131-1', 'Ingeniero_31', 'ingeniero31@mail.com'),
('00000132-2', 'Ingeniero_32', 'ingeniero32@mail.com'),
('00000133-3', 'Ingeniero_33', 'ingeniero33@mail.com'),
('00000134-4', 'Ingeniero_34', 'ingeniero34@mail.com'),
('00000135-5', 'Ingeniero_35', 'ingeniero35@mail.com'),
('00000136-6', 'Ingeniero_36', 'ingeniero36@mail.com'),
('00000137-7', 'Ingeniero_37', 'ingeniero37@mail.com'),
('00000138-8', 'Ingeniero_38', 'ingeniero38@mail.com'),
('00000139-9', 'Ingeniero_39', 'ingeniero39@mail.com'),
('00000140-0', 'Ingeniero_40', 'ingeniero40@mail.com'),
('00000141-1', 'Ingeniero_41', 'ingeniero41@mail.com'),
('00000142-2', 'Ingeniero_42', 'ingeniero42@mail.com'),
('00000143-3', 'Ingeniero_43', 'ingeniero43@mail.com'),
('00000144-4', 'Ingeniero_44', 'ingeniero44@mail.com'),
('00000145-5', 'Ingeniero_45', 'ingeniero45@mail.com'),
('00000146-6', 'Ingeniero_46', 'ingeniero46@mail.com'),
('00000147-7', 'Ingeniero_47', 'ingeniero47@mail.com'),
('00000148-8', 'Ingeniero_48', 'ingeniero48@mail.com'),
('00000149-9', 'Ingeniero_49', 'ingeniero49@mail.com'),
('00000150-0', 'Ingeniero_50', 'ingeniero50@mail.com'),
('00000151-1', 'Ingeniero_51', 'ingeniero51@mail.com'),
('00000152-2', 'Ingeniero_52', 'ingeniero52@mail.com'),
('00000153-3', 'Ingeniero_53', 'ingeniero53@mail.com'),
('00000154-4', 'Ingeniero_54', 'ingeniero54@mail.com'),
('00000155-5', 'Ingeniero_55', 'ingeniero55@mail.com'),
('00000156-6', 'Ingeniero_56', 'ingeniero56@mail.com'),
('00000157-7', 'Ingeniero_57', 'ingeniero57@mail.com'),
('00000158-8', 'Ingeniero_58', 'ingeniero58@mail.com'),
('00000159-9', 'Ingeniero_59', 'ingeniero59@mail.com'),
('00000160-0', 'Ingeniero_60', 'ingeniero60@mail.com'),
('00000161-1', 'Ingeniero_61', 'ingeniero61@mail.com'),
('00000162-2', 'Ingeniero_62', 'ingeniero62@mail.com'),
('00000163-3', 'Ingeniero_63', 'ingeniero63@mail.com'),
('00000164-4', 'Ingeniero_64', 'ingeniero64@mail.com'),
('00000165-5', 'Ingeniero_65', 'ingeniero65@mail.com'),
('00000166-6', 'Ingeniero_66', 'ingeniero66@mail.com'),
('00000167-7', 'Ingeniero_67', 'ingeniero67@mail.com'),
('00000168-8', 'Ingeniero_68', 'ingeniero68@mail.com'),
('00000169-9', 'Ingeniero_69', 'ingeniero69@mail.com'),
('00000170-0', 'Ingeniero_70', 'ingeniero70@mail.com'),
('00000171-1', 'Ingeniero_71', 'ingeniero71@mail.com'),
('00000172-2', 'Ingeniero_72', 'ingeniero72@mail.com'),
('00000173-3', 'Ingeniero_73', 'ingeniero73@mail.com'),
('00000174-4', 'Ingeniero_74', 'ingeniero74@mail.com'),
('00000175-5', 'Ingeniero_75', 'ingeniero75@mail.com'),
('00000176-6', 'Ingeniero_76', 'ingeniero76@mail.com'),
('00000177-7', 'Ingeniero_77', 'ingeniero77@mail.com'),
('00000178-8', 'Ingeniero_78', 'ingeniero78@mail.com'),
('00000179-9', 'Ingeniero_79', 'ingeniero79@mail.com'),
('00000180-0', 'Ingeniero_80', 'ingeniero80@mail.com'),
('00000181-1', 'Ingeniero_81', 'ingeniero81@mail.com'),
('00000182-2', 'Ingeniero_82', 'ingeniero82@mail.com'),
('00000183-3', 'Ingeniero_83', 'ingeniero83@mail.com'),
('00000184-4', 'Ingeniero_84', 'ingeniero84@mail.com'),
('00000185-5', 'Ingeniero_85', 'ingeniero85@mail.com'),
('00000186-6', 'Ingeniero_86', 'ingeniero86@mail.com'),
('00000187-7', 'Ingeniero_87', 'ingeniero87@mail.com'),
('00000188-8', 'Ingeniero_88', 'ingeniero88@mail.com'),
('00000189-9', 'Ingeniero_89', 'ingeniero89@mail.com'),
('00000190-0', 'Ingeniero_90', 'ingeniero90@mail.com'),
('00000191-1', 'Ingeniero_91', 'ingeniero91@mail.com'),
('00000192-2', 'Ingeniero_92', 'ingeniero92@mail.com'),
('00000193-3', 'Ingeniero_93', 'ingeniero93@mail.com'),
('00000194-4', 'Ingeniero_94', 'ingeniero94@mail.com'),
('00000195-5', 'Ingeniero_95', 'ingeniero95@mail.com'),
('00000196-6', 'Ingeniero_96', 'ingeniero96@mail.com'),
('00000197-7', 'Ingeniero_97', 'ingeniero97@mail.com'),
('00000198-8', 'Ingeniero_98', 'ingeniero98@mail.com'),
('00000199-9', 'Ingeniero_99', 'ingeniero99@mail.com');

-- --------------------------------------------------------

--
-- Estructura de tabla para la tabla `ingeniero_especialidad`
--

CREATE TABLE `ingeniero_especialidad` (
  `rut_ingeniero` varchar(10) NOT NULL,
  `id_topico` int(11) NOT NULL
) ENGINE=InnoDB DEFAULT CHARSET=utf8mb4 COLLATE=utf8mb4_general_ci;

--
-- Volcado de datos para la tabla `ingeniero_especialidad`
--

INSERT INTO `ingeniero_especialidad` (`rut_ingeniero`, `id_topico`) VALUES
('00000101-1', 4),
('00000102-2', 8),
('00000103-3', 5),
('00000103-3', 6),
('00000104-4', 2),
('00000105-5', 2),
('00000105-5', 4),
('00000106-6', 2),
('00000107-7', 7),
('00000108-8', 6),
('00000108-8', 8),
('00000109-9', 3),
('00000109-9', 7),
('00000110-0', 5),
('00000110-0', 6),
('00000111-1', 3),
('00000111-1', 7),
('00000112-2', 5),
('00000113-3', 3),
('00000113-3', 6),
('00000114-4', 1),
('00000114-4', 6),
('00000115-5', 8),
('00000116-6', 4),
('00000117-7', 3),
('00000118-8', 6),
('00000118-8', 7),
('00000119-9', 4),
('00000119-9', 6),
('00000120-0', 5),
('00000121-1', 1),
('00000121-1', 2),
('00000122-2', 7),
('00000123-3', 1),
('00000124-4', 3),
('00000124-4', 6),
('00000125-5', 2),
('00000125-5', 3),
('00000126-6', 8),
('00000127-7', 3),
('00000128-8', 2),
('00000128-8', 5),
('00000129-9', 5),
('00000130-0', 1),
('00000131-1', 1),
('00000132-2', 3),
('00000133-3', 1),
('00000134-4', 1),
('00000134-4', 8),
('00000135-5', 3),
('00000136-6', 3),
('00000136-6', 4),
('00000137-7', 3),
('00000138-8', 2),
('00000138-8', 6),
('00000139-9', 5),
('00000140-0', 2),
('00000140-0', 5),
('00000141-1', 3),
('00000141-1', 8),
('00000142-2', 6),
('00000143-3', 1),
('00000143-3', 3),
('00000144-4', 3),
('00000144-4', 8),
('00000145-5', 2),
('00000145-5', 8),
('00000146-6', 5),
('00000146-6', 6),
('00000147-7', 4),
('00000147-7', 8),
('00000148-8', 3),
('00000148-8', 7),
('00000149-9', 5),
('00000149-9', 8),
('00000150-0', 2),
('00000150-0', 3),
('00000151-1', 2),
('00000152-2', 2),
('00000152-2', 3),
('00000153-3', 7),
('00000154-4', 3),
('00000155-5', 2),
('00000155-5', 7),
('00000156-6', 1),
('00000156-6', 6),
('00000157-7', 2),
('00000157-7', 6),
('00000158-8', 1),
('00000159-9', 4),
('00000160-0', 2),
('00000160-0', 8),
('00000161-1', 6),
('00000162-2', 3),
('00000162-2', 7),
('00000163-3', 2),
('00000163-3', 5),
('00000164-4', 1),
('00000164-4', 5),
('00000165-5', 4),
('00000166-6', 3),
('00000167-7', 6),
('00000168-8', 2),
('00000168-8', 3),
('00000169-9', 3),
('00000169-9', 5),
('00000170-0', 5),
('00000171-1', 2),
('00000171-1', 4),
('00000172-2', 1),
('00000172-2', 8),
('00000173-3', 7),
('00000174-4', 5),
('00000175-5', 2),
('00000175-5', 4),
('00000176-6', 1),
('00000176-6', 6),
('00000177-7', 1),
('00000178-8', 5),
('00000179-9', 4),
('00000179-9', 5),
('00000180-0', 2),
('00000180-0', 5),
('00000181-1', 5),
('00000182-2', 2),
('00000183-3', 7),
('00000184-4', 2),
('00000184-4', 7),
('00000185-5', 5),
('00000186-6', 1),
('00000186-6', 5),
('00000187-7', 1),
('00000187-7', 2),
('00000188-8', 4),
('00000188-8', 8),
('00000189-9', 4),
('00000190-0', 5),
('00000191-1', 5),
('00000191-1', 6),
('00000192-2', 6),
('00000193-3', 4),
('00000194-4', 3),
('00000194-4', 6),
('00000195-5', 7),
('00000195-5', 8),
('00000196-6', 2),
('00000196-6', 8),
('00000197-7', 1),
('00000198-8', 1),
('00000198-8', 5),
('00000199-9', 5);

-- --------------------------------------------------------

--
-- Estructura de tabla para la tabla `ingeniero_solicitud`
--

CREATE TABLE `ingeniero_solicitud` (
  `id` int(11) NOT NULL,
  `rut_ingeniero` varchar(10) NOT NULL,
  `tipo_solicitud` varchar(20) NOT NULL,
  `id_solicitud` int(11) NOT NULL
) ENGINE=InnoDB DEFAULT CHARSET=utf8mb4 COLLATE=utf8mb4_general_ci;

--
-- Volcado de datos para la tabla `ingeniero_solicitud`
--

INSERT INTO `ingeniero_solicitud` (`id`, `rut_ingeniero`, `tipo_solicitud`, `id_solicitud`) VALUES
(1, '00000123-3', 'funcionalidad', 3),
(2, '00000143-3', 'funcionalidad', 3),
(3, '00000198-8', 'funcionalidad', 3),
(4, '00000130-0', 'funcionalidad', 6),
(5, '00000156-6', 'funcionalidad', 6),
(6, '00000158-8', 'funcionalidad', 6),
(7, '00000156-6', 'funcionalidad', 35),
(8, '00000187-7', 'funcionalidad', 35),
(9, '00000177-7', 'funcionalidad', 35),
(10, '00000156-6', 'funcionalidad', 42),
(11, '00000133-3', 'funcionalidad', 42),
(12, '00000186-6', 'funcionalidad', 42),
(13, '00000198-8', 'funcionalidad', 52),
(14, '00000186-6', 'funcionalidad', 52),
(15, '00000164-4', 'funcionalidad', 52),
(16, '00000172-2', 'funcionalidad', 54),
(17, '00000186-6', 'funcionalidad', 54),
(18, '00000130-0', 'funcionalidad', 54),
(19, '00000130-0', 'funcionalidad', 87),
(20, '00000177-7', 'funcionalidad', 87),
(21, '00000131-1', 'funcionalidad', 87),
(22, '00000187-7', 'funcionalidad', 88),
(23, '00000186-6', 'funcionalidad', 88),
(24, '00000121-1', 'funcionalidad', 88),
(25, '00000172-2', 'funcionalidad', 98),
(26, '00000114-4', 'funcionalidad', 98),
(27, '00000197-7', 'funcionalidad', 98),
(28, '00000130-0', 'funcionalidad', 99),
(29, '00000187-7', 'funcionalidad', 99),
(30, '00000158-8', 'funcionalidad', 99),
(31, '00000158-8', 'funcionalidad', 102),
(32, '00000156-6', 'funcionalidad', 102),
(33, '00000133-3', 'funcionalidad', 102),
(34, '00000198-8', 'funcionalidad', 109),
(35, '00000177-7', 'funcionalidad', 109),
(36, '00000114-4', 'funcionalidad', 109),
(37, '00000133-3', 'funcionalidad', 112),
(38, '00000143-3', 'funcionalidad', 112),
(39, '00000186-6', 'funcionalidad', 112),
(40, '00000130-0', 'funcionalidad', 115),
(41, '00000176-6', 'funcionalidad', 115),
(42, '00000158-8', 'funcionalidad', 115),
(43, '00000164-4', 'funcionalidad', 117),
(44, '00000197-7', 'funcionalidad', 117),
(45, '00000133-3', 'funcionalidad', 117),
(46, '00000131-1', 'funcionalidad', 155),
(47, '00000197-7', 'funcionalidad', 155),
(48, '00000187-7', 'funcionalidad', 155),
(49, '00000143-3', 'funcionalidad', 164),
(50, '00000121-1', 'funcionalidad', 164),
(51, '00000114-4', 'funcionalidad', 164),
(52, '00000187-7', 'funcionalidad', 166),
(53, '00000123-3', 'funcionalidad', 166),
(54, '00000158-8', 'funcionalidad', 166),
(55, '00000133-3', 'funcionalidad', 167),
(56, '00000114-4', 'funcionalidad', 167),
(57, '00000143-3', 'funcionalidad', 167),
(58, '00000133-3', 'funcionalidad', 175),
(59, '00000177-7', 'funcionalidad', 175),
(60, '00000130-0', 'funcionalidad', 175),
(61, '00000106-6', 'funcionalidad', 5),
(62, '00000160-0', 'funcionalidad', 5),
(63, '00000105-5', 'funcionalidad', 5),
(64, '00000150-0', 'funcionalidad', 14),
(65, '00000151-1', 'funcionalidad', 14),
(66, '00000140-0', 'funcionalidad', 14),
(67, '00000180-0', 'funcionalidad', 34),
(68, '00000163-3', 'funcionalidad', 34),
(69, '00000157-7', 'funcionalidad', 34),
(70, '00000138-8', 'funcionalidad', 36),
(71, '00000187-7', 'funcionalidad', 36),
(72, '00000150-0', 'funcionalidad', 36),
(73, '00000128-8', 'funcionalidad', 39),
(74, '00000138-8', 'funcionalidad', 39),
(75, '00000157-7', 'funcionalidad', 39),
(76, '00000180-0', 'funcionalidad', 45),
(77, '00000151-1', 'funcionalidad', 45),
(78, '00000150-0', 'funcionalidad', 45),
(79, '00000150-0', 'funcionalidad', 50),
(80, '00000187-7', 'funcionalidad', 50),
(81, '00000140-0', 'funcionalidad', 50),
(82, '00000163-3', 'funcionalidad', 58),
(83, '00000151-1', 'funcionalidad', 58),
(84, '00000121-1', 'funcionalidad', 58),
(85, '00000121-1', 'funcionalidad', 60),
(86, '00000145-5', 'funcionalidad', 60),
(87, '00000168-8', 'funcionalidad', 60),
(88, '00000140-0', 'funcionalidad', 64),
(89, '00000138-8', 'funcionalidad', 64),
(90, '00000196-6', 'funcionalidad', 64),
(91, '00000157-7', 'funcionalidad', 65),
(92, '00000150-0', 'funcionalidad', 65),
(93, '00000145-5', 'funcionalidad', 65),
(94, '00000138-8', 'funcionalidad', 69),
(95, '00000184-4', 'funcionalidad', 69),
(96, '00000157-7', 'funcionalidad', 69),
(97, '00000104-4', 'funcionalidad', 104),
(98, '00000151-1', 'funcionalidad', 104),
(99, '00000187-7', 'funcionalidad', 104),
(100, '00000180-0', 'funcionalidad', 105),
(101, '00000145-5', 'funcionalidad', 105),
(102, '00000196-6', 'funcionalidad', 105),
(103, '00000157-7', 'funcionalidad', 113),
(104, '00000196-6', 'funcionalidad', 113),
(105, '00000151-1', 'funcionalidad', 113),
(106, '00000125-5', 'funcionalidad', 122),
(107, '00000145-5', 'funcionalidad', 122),
(108, '00000128-8', 'funcionalidad', 122),
(109, '00000196-6', 'funcionalidad', 126),
(110, '00000140-0', 'funcionalidad', 126),
(111, '00000180-0', 'funcionalidad', 126),
(112, '00000160-0', 'funcionalidad', 139),
(113, '00000187-7', 'funcionalidad', 139),
(114, '00000182-2', 'funcionalidad', 139),
(115, '00000155-5', 'funcionalidad', 141),
(116, '00000151-1', 'funcionalidad', 141),
(117, '00000121-1', 'funcionalidad', 141),
(118, '00000157-7', 'funcionalidad', 176),
(119, '00000140-0', 'funcionalidad', 176),
(120, '00000138-8', 'funcionalidad', 176),
(121, '00000138-8', 'funcionalidad', 179),
(122, '00000160-0', 'funcionalidad', 179),
(123, '00000180-0', 'funcionalidad', 179),
(124, '00000168-8', 'funcionalidad', 180),
(125, '00000150-0', 'funcionalidad', 180),
(126, '00000187-7', 'funcionalidad', 180),
(127, '00000163-3', 'funcionalidad', 186),
(128, '00000151-1', 'funcionalidad', 186),
(129, '00000105-5', 'funcionalidad', 186),
(130, '00000128-8', 'funcionalidad', 187),
(131, '00000151-1', 'funcionalidad', 187),
(132, '00000196-6', 'funcionalidad', 187),
(133, '00000182-2', 'funcionalidad', 191),
(134, '00000180-0', 'funcionalidad', 191),
(135, '00000152-2', 'funcionalidad', 191),
(136, '00000168-8', 'funcionalidad', 196),
(137, '00000182-2', 'funcionalidad', 196),
(138, '00000145-5', 'funcionalidad', 196),
(139, '00000106-6', 'funcionalidad', 198),
(140, '00000196-6', 'funcionalidad', 198),
(141, '00000145-5', 'funcionalidad', 198),
(142, '00000141-1', 'funcionalidad', 8),
(143, '00000152-2', 'funcionalidad', 8),
(144, '00000111-1', 'funcionalidad', 8),
(145, '00000132-2', 'funcionalidad', 38),
(146, '00000135-5', 'funcionalidad', 38),
(147, '00000194-4', 'funcionalidad', 38),
(148, '00000166-6', 'funcionalidad', 41),
(149, '00000169-9', 'funcionalidad', 41),
(150, '00000143-3', 'funcionalidad', 41),
(151, '00000125-5', 'funcionalidad', 47),
(152, '00000169-9', 'funcionalidad', 47),
(153, '00000113-3', 'funcionalidad', 47),
(154, '00000136-6', 'funcionalidad', 67),
(155, '00000169-9', 'funcionalidad', 67),
(156, '00000148-8', 'funcionalidad', 67),
(157, '00000135-5', 'funcionalidad', 73),
(158, '00000111-1', 'funcionalidad', 73),
(159, '00000132-2', 'funcionalidad', 73),
(160, '00000111-1', 'funcionalidad', 75),
(161, '00000148-8', 'funcionalidad', 75),
(162, '00000194-4', 'funcionalidad', 75),
(163, '00000137-7', 'funcionalidad', 81),
(164, '00000168-8', 'funcionalidad', 81),
(165, '00000113-3', 'funcionalidad', 81),
(166, '00000143-3', 'funcionalidad', 90),
(167, '00000162-2', 'funcionalidad', 90),
(168, '00000127-7', 'funcionalidad', 90),
(169, '00000117-7', 'funcionalidad', 97),
(170, '00000109-9', 'funcionalidad', 97),
(171, '00000166-6', 'funcionalidad', 97),
(172, '00000109-9', 'funcionalidad', 110),
(173, '00000169-9', 'funcionalidad', 110),
(174, '00000148-8', 'funcionalidad', 110),
(175, '00000141-1', 'funcionalidad', 119),
(176, '00000166-6', 'funcionalidad', 119),
(177, '00000143-3', 'funcionalidad', 119),
(178, '00000150-0', 'funcionalidad', 133),
(179, '00000132-2', 'funcionalidad', 133),
(180, '00000166-6', 'funcionalidad', 133),
(181, '00000150-0', 'funcionalidad', 136),
(182, '00000141-1', 'funcionalidad', 136),
(183, '00000111-1', 'funcionalidad', 136),
(184, '00000141-1', 'funcionalidad', 143),
(185, '00000143-3', 'funcionalidad', 143),
(186, '00000127-7', 'funcionalidad', 143),
(187, '00000194-4', 'funcionalidad', 147),
(188, '00000141-1', 'funcionalidad', 147),
(189, '00000169-9', 'funcionalidad', 147),
(190, '00000109-9', 'funcionalidad', 148),
(191, '00000125-5', 'funcionalidad', 148),
(192, '00000132-2', 'funcionalidad', 148),
(193, '00000169-9', 'funcionalidad', 151),
(194, '00000148-8', 'funcionalidad', 151),
(195, '00000135-5', 'funcionalidad', 151),
(196, '00000135-5', 'funcionalidad', 159),
(197, '00000136-6', 'funcionalidad', 159),
(198, '00000111-1', 'funcionalidad', 159),
(199, '00000117-7', 'funcionalidad', 161),
(200, '00000144-4', 'funcionalidad', 161),
(201, '00000111-1', 'funcionalidad', 161),
(202, '00000125-5', 'funcionalidad', 169),
(203, '00000144-4', 'funcionalidad', 169),
(204, '00000152-2', 'funcionalidad', 169),
(205, '00000124-4', 'funcionalidad', 184),
(206, '00000125-5', 'funcionalidad', 184),
(207, '00000166-6', 'funcionalidad', 184),
(208, '00000194-4', 'funcionalidad', 199),
(209, '00000124-4', 'funcionalidad', 199),
(210, '00000141-1', 'funcionalidad', 199),
(211, '00000147-7', 'funcionalidad', 1),
(212, '00000136-6', 'funcionalidad', 1),
(213, '00000165-5', 'funcionalidad', 1),
(214, '00000188-8', 'funcionalidad', 15),
(215, '00000136-6', 'funcionalidad', 15),
(216, '00000189-9', 'funcionalidad', 15),
(217, '00000159-9', 'funcionalidad', 24),
(218, '00000165-5', 'funcionalidad', 24),
(219, '00000136-6', 'funcionalidad', 24),
(220, '00000105-5', 'funcionalidad', 25),
(221, '00000101-1', 'funcionalidad', 25),
(222, '00000179-9', 'funcionalidad', 25),
(223, '00000101-1', 'funcionalidad', 27),
(224, '00000116-6', 'funcionalidad', 27),
(225, '00000175-5', 'funcionalidad', 27),
(226, '00000165-5', 'funcionalidad', 32),
(227, '00000175-5', 'funcionalidad', 32),
(228, '00000119-9', 'funcionalidad', 32),
(229, '00000165-5', 'funcionalidad', 33),
(230, '00000101-1', 'funcionalidad', 33),
(231, '00000147-7', 'funcionalidad', 33),
(232, '00000101-1', 'funcionalidad', 43),
(233, '00000193-3', 'funcionalidad', 43),
(234, '00000159-9', 'funcionalidad', 43),
(235, '00000105-5', 'funcionalidad', 48),
(236, '00000147-7', 'funcionalidad', 48),
(237, '00000179-9', 'funcionalidad', 48),
(238, '00000179-9', 'funcionalidad', 71),
(239, '00000136-6', 'funcionalidad', 71),
(240, '00000147-7', 'funcionalidad', 71),
(241, '00000189-9', 'funcionalidad', 72),
(242, '00000101-1', 'funcionalidad', 72),
(243, '00000105-5', 'funcionalidad', 72),
(244, '00000189-9', 'funcionalidad', 74),
(245, '00000147-7', 'funcionalidad', 74),
(246, '00000193-3', 'funcionalidad', 74),
(247, '00000165-5', 'funcionalidad', 83),
(248, '00000175-5', 'funcionalidad', 83),
(249, '00000119-9', 'funcionalidad', 83),
(250, '00000179-9', 'funcionalidad', 94),
(251, '00000105-5', 'funcionalidad', 94),
(252, '00000119-9', 'funcionalidad', 94),
(253, '00000101-1', 'funcionalidad', 95),
(254, '00000189-9', 'funcionalidad', 95),
(255, '00000179-9', 'funcionalidad', 95),
(256, '00000119-9', 'funcionalidad', 106),
(257, '00000101-1', 'funcionalidad', 106),
(258, '00000165-5', 'funcionalidad', 106),
(259, '00000179-9', 'funcionalidad', 107),
(260, '00000188-8', 'funcionalidad', 107),
(261, '00000101-1', 'funcionalidad', 107),
(262, '00000159-9', 'funcionalidad', 108),
(263, '00000179-9', 'funcionalidad', 108),
(264, '00000101-1', 'funcionalidad', 108),
(265, '00000136-6', 'funcionalidad', 171),
(266, '00000193-3', 'funcionalidad', 171),
(267, '00000119-9', 'funcionalidad', 171),
(268, '00000105-5', 'funcionalidad', 173),
(269, '00000188-8', 'funcionalidad', 173),
(270, '00000193-3', 'funcionalidad', 173),
(271, '00000193-3', 'funcionalidad', 177),
(272, '00000179-9', 'funcionalidad', 177),
(273, '00000189-9', 'funcionalidad', 177),
(274, '00000159-9', 'funcionalidad', 188),
(275, '00000193-3', 'funcionalidad', 188),
(276, '00000179-9', 'funcionalidad', 188),
(277, '00000181-1', 'funcionalidad', 2),
(278, '00000169-9', 'funcionalidad', 2),
(279, '00000146-6', 'funcionalidad', 2),
(280, '00000198-8', 'funcionalidad', 10),
(281, '00000169-9', 'funcionalidad', 10),
(282, '00000112-2', 'funcionalidad', 10),
(283, '00000174-4', 'funcionalidad', 21),
(284, '00000112-2', 'funcionalidad', 21),
(285, '00000129-9', 'funcionalidad', 21),
(286, '00000179-9', 'funcionalidad', 22),
(287, '00000170-0', 'funcionalidad', 22),
(288, '00000199-9', 'funcionalidad', 22),
(289, '00000170-0', 'funcionalidad', 23),
(290, '00000139-9', 'funcionalidad', 23),
(291, '00000140-0', 'funcionalidad', 23),
(292, '00000170-0', 'funcionalidad', 28),
(293, '00000112-2', 'funcionalidad', 28),
(294, '00000179-9', 'funcionalidad', 28),
(295, '00000146-6', 'funcionalidad', 31),
(296, '00000170-0', 'funcionalidad', 31),
(297, '00000174-4', 'funcionalidad', 31),
(298, '00000112-2', 'funcionalidad', 37),
(299, '00000179-9', 'funcionalidad', 37),
(300, '00000181-1', 'funcionalidad', 37),
(301, '00000112-2', 'funcionalidad', 44),
(302, '00000199-9', 'funcionalidad', 44),
(303, '00000140-0', 'funcionalidad', 44),
(304, '00000174-4', 'funcionalidad', 55),
(305, '00000170-0', 'funcionalidad', 55),
(306, '00000110-0', 'funcionalidad', 55),
(307, '00000181-1', 'funcionalidad', 57),
(308, '00000110-0', 'funcionalidad', 57),
(309, '00000185-5', 'funcionalidad', 57),
(310, '00000179-9', 'funcionalidad', 63),
(311, '00000129-9', 'funcionalidad', 63),
(312, '00000186-6', 'funcionalidad', 63),
(313, '00000129-9', 'funcionalidad', 66),
(314, '00000190-0', 'funcionalidad', 66),
(315, '00000199-9', 'funcionalidad', 66),
(316, '00000110-0', 'funcionalidad', 68),
(317, '00000181-1', 'funcionalidad', 68),
(318, '00000169-9', 'funcionalidad', 68),
(319, '00000178-8', 'funcionalidad', 70),
(320, '00000170-0', 'funcionalidad', 70),
(321, '00000181-1', 'funcionalidad', 70),
(322, '00000128-8', 'funcionalidad', 82),
(323, '00000198-8', 'funcionalidad', 82),
(324, '00000191-1', 'funcionalidad', 82),
(325, '00000128-8', 'funcionalidad', 86),
(326, '00000129-9', 'funcionalidad', 86),
(327, '00000163-3', 'funcionalidad', 86),
(328, '00000181-1', 'funcionalidad', 96),
(329, '00000179-9', 'funcionalidad', 96),
(330, '00000191-1', 'funcionalidad', 96),
(331, '00000110-0', 'funcionalidad', 100),
(332, '00000164-4', 'funcionalidad', 100),
(333, '00000149-9', 'funcionalidad', 100),
(334, '00000181-1', 'funcionalidad', 101),
(335, '00000198-8', 'funcionalidad', 101),
(336, '00000185-5', 'funcionalidad', 101),
(337, '00000163-3', 'funcionalidad', 103),
(338, '00000178-8', 'funcionalidad', 103),
(339, '00000179-9', 'funcionalidad', 103),
(340, '00000174-4', 'funcionalidad', 111),
(341, '00000140-0', 'funcionalidad', 111),
(342, '00000190-0', 'funcionalidad', 111),
(343, '00000149-9', 'funcionalidad', 123),
(344, '00000191-1', 'funcionalidad', 123),
(345, '00000190-0', 'funcionalidad', 123),
(346, '00000174-4', 'funcionalidad', 128),
(347, '00000186-6', 'funcionalidad', 128),
(348, '00000103-3', 'funcionalidad', 128),
(349, '00000198-8', 'funcionalidad', 140),
(350, '00000146-6', 'funcionalidad', 140),
(351, '00000110-0', 'funcionalidad', 140),
(352, '00000149-9', 'funcionalidad', 142),
(353, '00000164-4', 'funcionalidad', 142),
(354, '00000178-8', 'funcionalidad', 142),
(355, '00000191-1', 'funcionalidad', 144),
(356, '00000190-0', 'funcionalidad', 144),
(357, '00000128-8', 'funcionalidad', 144),
(358, '00000164-4', 'funcionalidad', 145),
(359, '00000120-0', 'funcionalidad', 145),
(360, '00000190-0', 'funcionalidad', 145),
(361, '00000149-9', 'funcionalidad', 149),
(362, '00000128-8', 'funcionalidad', 149),
(363, '00000103-3', 'funcionalidad', 149),
(364, '00000128-8', 'funcionalidad', 153),
(365, '00000185-5', 'funcionalidad', 153),
(366, '00000120-0', 'funcionalidad', 153),
(367, '00000191-1', 'funcionalidad', 154),
(368, '00000174-4', 'funcionalidad', 154),
(369, '00000185-5', 'funcionalidad', 154),
(370, '00000129-9', 'funcionalidad', 172),
(371, '00000112-2', 'funcionalidad', 172),
(372, '00000190-0', 'funcionalidad', 172),
(373, '00000179-9', 'funcionalidad', 178),
(374, '00000146-6', 'funcionalidad', 178),
(375, '00000120-0', 'funcionalidad', 178),
(376, '00000186-6', 'funcionalidad', 183),
(377, '00000170-0', 'funcionalidad', 183),
(378, '00000110-0', 'funcionalidad', 183),
(379, '00000181-1', 'funcionalidad', 185),
(380, '00000169-9', 'funcionalidad', 185),
(381, '00000179-9', 'funcionalidad', 185),
(382, '00000146-6', 'funcionalidad', 200),
(383, '00000191-1', 'funcionalidad', 200),
(384, '00000186-6', 'funcionalidad', 200),
(385, '00000192-2', 'funcionalidad', 11),
(386, '00000110-0', 'funcionalidad', 11),
(387, '00000142-2', 'funcionalidad', 11),
(388, '00000119-9', 'funcionalidad', 12),
(389, '00000176-6', 'funcionalidad', 12),
(390, '00000194-4', 'funcionalidad', 12),
(391, '00000157-7', 'funcionalidad', 13),
(392, '00000142-2', 'funcionalidad', 13),
(393, '00000110-0', 'funcionalidad', 13),
(394, '00000192-2', 'funcionalidad', 20),
(395, '00000142-2', 'funcionalidad', 20),
(396, '00000124-4', 'funcionalidad', 20),
(397, '00000103-3', 'funcionalidad', 49),
(398, '00000108-8', 'funcionalidad', 49),
(399, '00000176-6', 'funcionalidad', 49),
(400, '00000118-8', 'funcionalidad', 51),
(401, '00000142-2', 'funcionalidad', 51),
(402, '00000146-6', 'funcionalidad', 51),
(403, '00000124-4', 'funcionalidad', 53),
(404, '00000142-2', 'funcionalidad', 53),
(405, '00000194-4', 'funcionalidad', 53),
(406, '00000118-8', 'funcionalidad', 79),
(407, '00000191-1', 'funcionalidad', 79),
(408, '00000119-9', 'funcionalidad', 79),
(409, '00000138-8', 'funcionalidad', 89),
(410, '00000119-9', 'funcionalidad', 89),
(411, '00000191-1', 'funcionalidad', 89),
(412, '00000191-1', 'funcionalidad', 91),
(413, '00000146-6', 'funcionalidad', 91),
(414, '00000157-7', 'funcionalidad', 91),
(415, '00000146-6', 'funcionalidad', 116),
(416, '00000113-3', 'funcionalidad', 116),
(417, '00000118-8', 'funcionalidad', 116),
(418, '00000156-6', 'funcionalidad', 124),
(419, '00000161-1', 'funcionalidad', 124),
(420, '00000191-1', 'funcionalidad', 124),
(421, '00000119-9', 'funcionalidad', 125),
(422, '00000124-4', 'funcionalidad', 125),
(423, '00000157-7', 'funcionalidad', 125),
(424, '00000191-1', 'funcionalidad', 130),
(425, '00000156-6', 'funcionalidad', 130),
(426, '00000110-0', 'funcionalidad', 130),
(427, '00000103-3', 'funcionalidad', 134),
(428, '00000191-1', 'funcionalidad', 134),
(429, '00000146-6', 'funcionalidad', 134),
(430, '00000142-2', 'funcionalidad', 138),
(431, '00000119-9', 'funcionalidad', 138),
(432, '00000118-8', 'funcionalidad', 138),
(433, '00000142-2', 'funcionalidad', 157),
(434, '00000157-7', 'funcionalidad', 157),
(435, '00000103-3', 'funcionalidad', 157),
(436, '00000110-0', 'funcionalidad', 160),
(437, '00000157-7', 'funcionalidad', 160),
(438, '00000108-8', 'funcionalidad', 160),
(439, '00000156-6', 'funcionalidad', 163),
(440, '00000103-3', 'funcionalidad', 163),
(441, '00000191-1', 'funcionalidad', 163),
(442, '00000176-6', 'funcionalidad', 165),
(443, '00000110-0', 'funcionalidad', 165),
(444, '00000103-3', 'funcionalidad', 165),
(445, '00000113-3', 'funcionalidad', 174),
(446, '00000161-1', 'funcionalidad', 174),
(447, '00000110-0', 'funcionalidad', 174),
(448, '00000108-8', 'funcionalidad', 189),
(449, '00000119-9', 'funcionalidad', 189),
(450, '00000191-1', 'funcionalidad', 189),
(451, '00000192-2', 'funcionalidad', 193),
(452, '00000110-0', 'funcionalidad', 193),
(453, '00000156-6', 'funcionalidad', 193),
(454, '00000184-4', 'funcionalidad', 4),
(455, '00000162-2', 'funcionalidad', 4),
(456, '00000183-3', 'funcionalidad', 4),
(457, '00000109-9', 'funcionalidad', 16),
(458, '00000153-3', 'funcionalidad', 16),
(459, '00000107-7', 'funcionalidad', 16),
(460, '00000155-5', 'funcionalidad', 26),
(461, '00000195-5', 'funcionalidad', 26),
(462, '00000153-3', 'funcionalidad', 26),
(463, '00000195-5', 'funcionalidad', 29),
(464, '00000109-9', 'funcionalidad', 29),
(465, '00000153-3', 'funcionalidad', 29),
(466, '00000173-3', 'funcionalidad', 30),
(467, '00000183-3', 'funcionalidad', 30),
(468, '00000162-2', 'funcionalidad', 30),
(469, '00000162-2', 'funcionalidad', 61),
(470, '00000195-5', 'funcionalidad', 61),
(471, '00000184-4', 'funcionalidad', 61),
(472, '00000173-3', 'funcionalidad', 76),
(473, '00000155-5', 'funcionalidad', 76),
(474, '00000183-3', 'funcionalidad', 76),
(475, '00000148-8', 'funcionalidad', 85),
(476, '00000155-5', 'funcionalidad', 85),
(477, '00000118-8', 'funcionalidad', 85),
(478, '00000173-3', 'funcionalidad', 93),
(479, '00000111-1', 'funcionalidad', 93),
(480, '00000184-4', 'funcionalidad', 93),
(481, '00000162-2', 'funcionalidad', 118),
(482, '00000118-8', 'funcionalidad', 118),
(483, '00000173-3', 'funcionalidad', 118),
(484, '00000153-3', 'funcionalidad', 120),
(485, '00000118-8', 'funcionalidad', 120),
(486, '00000195-5', 'funcionalidad', 120),
(487, '00000155-5', 'funcionalidad', 146),
(488, '00000148-8', 'funcionalidad', 146),
(489, '00000111-1', 'funcionalidad', 146),
(490, '00000173-3', 'funcionalidad', 150),
(491, '00000111-1', 'funcionalidad', 150),
(492, '00000107-7', 'funcionalidad', 150),
(493, '00000153-3', 'funcionalidad', 158),
(494, '00000195-5', 'funcionalidad', 158),
(495, '00000107-7', 'funcionalidad', 158),
(496, '00000111-1', 'funcionalidad', 162),
(497, '00000107-7', 'funcionalidad', 162),
(498, '00000118-8', 'funcionalidad', 162),
(499, '00000184-4', 'funcionalidad', 168),
(500, '00000195-5', 'funcionalidad', 168),
(501, '00000118-8', 'funcionalidad', 168),
(502, '00000109-9', 'funcionalidad', 170),
(503, '00000153-3', 'funcionalidad', 170),
(504, '00000148-8', 'funcionalidad', 170),
(505, '00000122-2', 'funcionalidad', 182),
(506, '00000195-5', 'funcionalidad', 182),
(507, '00000183-3', 'funcionalidad', 182),
(508, '00000108-8', 'funcionalidad', 7),
(509, '00000134-4', 'funcionalidad', 7),
(510, '00000141-1', 'funcionalidad', 7),
(511, '00000196-6', 'funcionalidad', 9),
(512, '00000188-8', 'funcionalidad', 9),
(513, '00000147-7', 'funcionalidad', 9),
(514, '00000172-2', 'funcionalidad', 17),
(515, '00000145-5', 'funcionalidad', 17),
(516, '00000102-2', 'funcionalidad', 17),
(517, '00000195-5', 'funcionalidad', 18),
(518, '00000196-6', 'funcionalidad', 18),
(519, '00000115-5', 'funcionalidad', 18),
(520, '00000141-1', 'funcionalidad', 19),
(521, '00000145-5', 'funcionalidad', 19),
(522, '00000196-6', 'funcionalidad', 19),
(523, '00000108-8', 'funcionalidad', 40),
(524, '00000141-1', 'funcionalidad', 40),
(525, '00000172-2', 'funcionalidad', 40),
(526, '00000188-8', 'funcionalidad', 46),
(527, '00000144-4', 'funcionalidad', 46),
(528, '00000145-5', 'funcionalidad', 46),
(529, '00000145-5', 'funcionalidad', 56),
(530, '00000144-4', 'funcionalidad', 56),
(531, '00000108-8', 'funcionalidad', 56),
(532, '00000160-0', 'funcionalidad', 59),
(533, '00000108-8', 'funcionalidad', 59),
(534, '00000115-5', 'funcionalidad', 59),
(535, '00000108-8', 'funcionalidad', 62),
(536, '00000115-5', 'funcionalidad', 62),
(537, '00000196-6', 'funcionalidad', 62),
(538, '00000160-0', 'funcionalidad', 77),
(539, '00000134-4', 'funcionalidad', 77),
(540, '00000115-5', 'funcionalidad', 77),
(541, '00000115-5', 'funcionalidad', 78),
(542, '00000145-5', 'funcionalidad', 78),
(543, '00000149-9', 'funcionalidad', 78),
(544, '00000134-4', 'funcionalidad', 80),
(545, '00000145-5', 'funcionalidad', 80),
(546, '00000147-7', 'funcionalidad', 80),
(547, '00000115-5', 'funcionalidad', 84),
(548, '00000141-1', 'funcionalidad', 84),
(549, '00000102-2', 'funcionalidad', 84),
(550, '00000115-5', 'funcionalidad', 92),
(551, '00000144-4', 'funcionalidad', 92),
(552, '00000145-5', 'funcionalidad', 92),
(553, '00000141-1', 'funcionalidad', 114),
(554, '00000195-5', 'funcionalidad', 114),
(555, '00000144-4', 'funcionalidad', 114),
(556, '00000115-5', 'funcionalidad', 121),
(557, '00000144-4', 'funcionalidad', 121),
(558, '00000108-8', 'funcionalidad', 121),
(559, '00000145-5', 'funcionalidad', 127),
(560, '00000115-5', 'funcionalidad', 127),
(561, '00000147-7', 'funcionalidad', 127),
(562, '00000188-8', 'funcionalidad', 129),
(563, '00000196-6', 'funcionalidad', 129),
(564, '00000172-2', 'funcionalidad', 129),
(565, '00000188-8', 'funcionalidad', 131),
(566, '00000141-1', 'funcionalidad', 131),
(567, '00000102-2', 'funcionalidad', 131),
(568, '00000102-2', 'funcionalidad', 132),
(569, '00000160-0', 'funcionalidad', 132),
(570, '00000188-8', 'funcionalidad', 132),
(571, '00000145-5', 'funcionalidad', 135),
(572, '00000147-7', 'funcionalidad', 135),
(573, '00000144-4', 'funcionalidad', 135),
(574, '00000108-8', 'funcionalidad', 137),
(575, '00000172-2', 'funcionalidad', 137),
(576, '00000141-1', 'funcionalidad', 137),
(577, '00000144-4', 'funcionalidad', 152),
(578, '00000115-5', 'funcionalidad', 152),
(579, '00000102-2', 'funcionalidad', 152),
(580, '00000126-6', 'funcionalidad', 156),
(581, '00000172-2', 'funcionalidad', 156),
(582, '00000108-8', 'funcionalidad', 156),
(583, '00000102-2', 'funcionalidad', 181),
(584, '00000172-2', 'funcionalidad', 181),
(585, '00000134-4', 'funcionalidad', 181),
(586, '00000195-5', 'funcionalidad', 190),
(587, '00000102-2', 'funcionalidad', 190),
(588, '00000196-6', 'funcionalidad', 190),
(589, '00000126-6', 'funcionalidad', 192),
(590, '00000149-9', 'funcionalidad', 192),
(591, '00000195-5', 'funcionalidad', 192),
(592, '00000195-5', 'funcionalidad', 194),
(593, '00000149-9', 'funcionalidad', 194),
(594, '00000188-8', 'funcionalidad', 194),
(595, '00000134-4', 'funcionalidad', 195),
(596, '00000172-2', 'funcionalidad', 195),
(597, '00000102-2', 'funcionalidad', 195),
(598, '00000149-9', 'funcionalidad', 197),
(599, '00000147-7', 'funcionalidad', 197),
(600, '00000172-2', 'funcionalidad', 197),
(601, '00000177-7', 'error', 9),
(602, '00000133-3', 'error', 9),
(603, '00000134-4', 'error', 9),
(604, '00000176-6', 'error', 24),
(605, '00000131-1', 'error', 24),
(606, '00000197-7', 'error', 24),
(607, '00000134-4', 'error', 26),
(608, '00000164-4', 'error', 26),
(609, '00000176-6', 'error', 26),
(610, '00000143-3', 'error', 40),
(611, '00000186-6', 'error', 40),
(612, '00000156-6', 'error', 40),
(613, '00000172-2', 'error', 47),
(614, '00000176-6', 'error', 47),
(615, '00000130-0', 'error', 47),
(616, '00000114-4', 'error', 50),
(617, '00000134-4', 'error', 50),
(618, '00000172-2', 'error', 50),
(619, '00000121-1', 'error', 58),
(620, '00000198-8', 'error', 58),
(621, '00000156-6', 'error', 58),
(622, '00000198-8', 'error', 77),
(623, '00000143-3', 'error', 77),
(624, '00000164-4', 'error', 77),
(625, '00000133-3', 'error', 86),
(626, '00000186-6', 'error', 86),
(627, '00000172-2', 'error', 86),
(628, '00000172-2', 'error', 94),
(629, '00000187-7', 'error', 94),
(630, '00000130-0', 'error', 94),
(631, '00000133-3', 'error', 101),
(632, '00000187-7', 'error', 101),
(633, '00000131-1', 'error', 101),
(634, '00000143-3', 'error', 111),
(635, '00000186-6', 'error', 111),
(636, '00000197-7', 'error', 111),
(637, '00000164-4', 'error', 124),
(638, '00000177-7', 'error', 124),
(639, '00000156-6', 'error', 124),
(640, '00000187-7', 'error', 139),
(641, '00000158-8', 'error', 139),
(642, '00000172-2', 'error', 139),
(643, '00000114-4', 'error', 153),
(644, '00000143-3', 'error', 153),
(645, '00000176-6', 'error', 153),
(646, '00000156-6', 'error', 159),
(647, '00000131-1', 'error', 159),
(648, '00000133-3', 'error', 159),
(649, '00000164-4', 'error', 165),
(650, '00000186-6', 'error', 165),
(651, '00000187-7', 'error', 165),
(652, '00000134-4', 'error', 167),
(653, '00000133-3', 'error', 167),
(654, '00000156-6', 'error', 167),
(655, '00000121-1', 'error', 180),
(656, '00000131-1', 'error', 180),
(657, '00000186-6', 'error', 180),
(658, '00000156-6', 'error', 181),
(659, '00000133-3', 'error', 181),
(660, '00000143-3', 'error', 181),
(661, '00000198-8', 'error', 190),
(662, '00000131-1', 'error', 190),
(663, '00000121-1', 'error', 190),
(664, '00000123-3', 'error', 196),
(665, '00000121-1', 'error', 196),
(666, '00000164-4', 'error', 196),
(667, '00000131-1', 'error', 199),
(668, '00000186-6', 'error', 199),
(669, '00000198-8', 'error', 199),
(670, '00000176-6', 'error', 200),
(671, '00000177-7', 'error', 200),
(672, '00000187-7', 'error', 200),
(673, '00000134-4', 'error', 211),
(674, '00000114-4', 'error', 211),
(675, '00000172-2', 'error', 211),
(676, '00000131-1', 'error', 216),
(677, '00000134-4', 'error', 216),
(678, '00000187-7', 'error', 216),
(679, '00000114-4', 'error', 246),
(680, '00000131-1', 'error', 246),
(681, '00000121-1', 'error', 246),
(682, '00000197-7', 'error', 251),
(683, '00000131-1', 'error', 251),
(684, '00000172-2', 'error', 251),
(685, '00000156-6', 'error', 261),
(686, '00000134-4', 'error', 261),
(687, '00000176-6', 'error', 261),
(688, '00000172-2', 'error', 265),
(689, '00000177-7', 'error', 265),
(690, '00000156-6', 'error', 265),
(691, '00000133-3', 'error', 266),
(692, '00000158-8', 'error', 266),
(693, '00000172-2', 'error', 266),
(694, '00000114-4', 'error', 280),
(695, '00000198-8', 'error', 280),
(696, '00000134-4', 'error', 280),
(697, '00000133-3', 'error', 285),
(698, '00000172-2', 'error', 285),
(699, '00000177-7', 'error', 285),
(700, '00000186-6', 'error', 292),
(701, '00000143-3', 'error', 292),
(702, '00000177-7', 'error', 292),
(703, '00000184-4', 'error', 35),
(704, '00000180-0', 'error', 35),
(705, '00000175-5', 'error', 35),
(706, '00000175-5', 'error', 38),
(707, '00000171-1', 'error', 38),
(708, '00000150-0', 'error', 38),
(709, '00000150-0', 'error', 46),
(710, '00000182-2', 'error', 46),
(711, '00000152-2', 'error', 46),
(712, '00000196-6', 'error', 54),
(713, '00000128-8', 'error', 54),
(714, '00000155-5', 'error', 54),
(715, '00000180-0', 'error', 60),
(716, '00000171-1', 'error', 60),
(717, '00000155-5', 'error', 60),
(718, '00000121-1', 'error', 63),
(719, '00000128-8', 'error', 63),
(720, '00000163-3', 'error', 63),
(721, '00000151-1', 'error', 66),
(722, '00000138-8', 'error', 66),
(723, '00000180-0', 'error', 66),
(724, '00000140-0', 'error', 71),
(725, '00000187-7', 'error', 71),
(726, '00000125-5', 'error', 71),
(727, '00000128-8', 'error', 80),
(728, '00000138-8', 'error', 80),
(729, '00000187-7', 'error', 80),
(730, '00000180-0', 'error', 85),
(731, '00000121-1', 'error', 85),
(732, '00000138-8', 'error', 85),
(733, '00000184-4', 'error', 89),
(734, '00000171-1', 'error', 89),
(735, '00000152-2', 'error', 89),
(736, '00000175-5', 'error', 96),
(737, '00000182-2', 'error', 96),
(738, '00000168-8', 'error', 96),
(739, '00000128-8', 'error', 115),
(740, '00000104-4', 'error', 115),
(741, '00000157-7', 'error', 115),
(742, '00000180-0', 'error', 140),
(743, '00000150-0', 'error', 140),
(744, '00000104-4', 'error', 140),
(745, '00000138-8', 'error', 152),
(746, '00000157-7', 'error', 152),
(747, '00000150-0', 'error', 152),
(748, '00000104-4', 'error', 164),
(749, '00000157-7', 'error', 164),
(750, '00000187-7', 'error', 164),
(751, '00000184-4', 'error', 188),
(752, '00000138-8', 'error', 188),
(753, '00000140-0', 'error', 188),
(754, '00000151-1', 'error', 201),
(755, '00000163-3', 'error', 201),
(756, '00000104-4', 'error', 201),
(757, '00000150-0', 'error', 210),
(758, '00000168-8', 'error', 210),
(759, '00000104-4', 'error', 210),
(760, '00000128-8', 'error', 212),
(761, '00000151-1', 'error', 212),
(762, '00000182-2', 'error', 212),
(763, '00000152-2', 'error', 235),
(764, '00000138-8', 'error', 235),
(765, '00000155-5', 'error', 235),
(766, '00000160-0', 'error', 239),
(767, '00000157-7', 'error', 239),
(768, '00000175-5', 'error', 239),
(769, '00000196-6', 'error', 240),
(770, '00000157-7', 'error', 240),
(771, '00000187-7', 'error', 240),
(772, '00000168-8', 'error', 250),
(773, '00000152-2', 'error', 250),
(774, '00000125-5', 'error', 250),
(775, '00000157-7', 'error', 268),
(776, '00000175-5', 'error', 268),
(777, '00000105-5', 'error', 268),
(778, '00000152-2', 'error', 276),
(779, '00000160-0', 'error', 276),
(780, '00000128-8', 'error', 276),
(781, '00000155-5', 'error', 278),
(782, '00000180-0', 'error', 278),
(783, '00000160-0', 'error', 278),
(784, '00000143-3', 'error', 4),
(785, '00000194-4', 'error', 4),
(786, '00000154-4', 'error', 4),
(787, '00000144-4', 'error', 5),
(788, '00000154-4', 'error', 5),
(789, '00000111-1', 'error', 5),
(790, '00000109-9', 'error', 8),
(791, '00000144-4', 'error', 8),
(792, '00000141-1', 'error', 8),
(793, '00000150-0', 'error', 19),
(794, '00000141-1', 'error', 19),
(795, '00000194-4', 'error', 19),
(796, '00000150-0', 'error', 28),
(797, '00000144-4', 'error', 28),
(798, '00000143-3', 'error', 28),
(799, '00000141-1', 'error', 29),
(800, '00000111-1', 'error', 29),
(801, '00000117-7', 'error', 29),
(802, '00000141-1', 'error', 33),
(803, '00000137-7', 'error', 33),
(804, '00000148-8', 'error', 33),
(805, '00000111-1', 'error', 39),
(806, '00000143-3', 'error', 39),
(807, '00000162-2', 'error', 39),
(808, '00000135-5', 'error', 49),
(809, '00000168-8', 'error', 49),
(810, '00000144-4', 'error', 49),
(811, '00000169-9', 'error', 52),
(812, '00000152-2', 'error', 52),
(813, '00000111-1', 'error', 52),
(814, '00000117-7', 'error', 59),
(815, '00000113-3', 'error', 59),
(816, '00000152-2', 'error', 59),
(817, '00000143-3', 'error', 61),
(818, '00000125-5', 'error', 61),
(819, '00000132-2', 'error', 61),
(820, '00000113-3', 'error', 74),
(821, '00000144-4', 'error', 74),
(822, '00000194-4', 'error', 74),
(823, '00000137-7', 'error', 102),
(824, '00000144-4', 'error', 102),
(825, '00000194-4', 'error', 102),
(826, '00000154-4', 'error', 105),
(827, '00000125-5', 'error', 105),
(828, '00000144-4', 'error', 105),
(829, '00000137-7', 'error', 117),
(830, '00000148-8', 'error', 117),
(831, '00000194-4', 'error', 117),
(832, '00000150-0', 'error', 120),
(833, '00000111-1', 'error', 120),
(834, '00000113-3', 'error', 120),
(835, '00000169-9', 'error', 134),
(836, '00000137-7', 'error', 134),
(837, '00000135-5', 'error', 134),
(838, '00000168-8', 'error', 149),
(839, '00000166-6', 'error', 149),
(840, '00000148-8', 'error', 149),
(841, '00000111-1', 'error', 154),
(842, '00000136-6', 'error', 154),
(843, '00000135-5', 'error', 154),
(844, '00000162-2', 'error', 157),
(845, '00000135-5', 'error', 157),
(846, '00000136-6', 'error', 157),
(847, '00000141-1', 'error', 158),
(848, '00000143-3', 'error', 158),
(849, '00000132-2', 'error', 158),
(850, '00000143-3', 'error', 172),
(851, '00000135-5', 'error', 172),
(852, '00000152-2', 'error', 172),
(853, '00000169-9', 'error', 175),
(854, '00000137-7', 'error', 175),
(855, '00000152-2', 'error', 175),
(856, '00000109-9', 'error', 176),
(857, '00000144-4', 'error', 176),
(858, '00000132-2', 'error', 176),
(859, '00000150-0', 'error', 177),
(860, '00000117-7', 'error', 177),
(861, '00000125-5', 'error', 177),
(862, '00000113-3', 'error', 193),
(863, '00000136-6', 'error', 193),
(864, '00000125-5', 'error', 193),
(865, '00000162-2', 'error', 208),
(866, '00000127-7', 'error', 208),
(867, '00000124-4', 'error', 208),
(868, '00000169-9', 'error', 214),
(869, '00000150-0', 'error', 214),
(870, '00000127-7', 'error', 214),
(871, '00000162-2', 'error', 217),
(872, '00000144-4', 'error', 217),
(873, '00000136-6', 'error', 217),
(874, '00000113-3', 'error', 220),
(875, '00000169-9', 'error', 220),
(876, '00000127-7', 'error', 220),
(877, '00000135-5', 'error', 222),
(878, '00000154-4', 'error', 222),
(879, '00000152-2', 'error', 222),
(880, '00000132-2', 'error', 232),
(881, '00000111-1', 'error', 232),
(882, '00000125-5', 'error', 232),
(883, '00000135-5', 'error', 257),
(884, '00000169-9', 'error', 257),
(885, '00000109-9', 'error', 257),
(886, '00000148-8', 'error', 259),
(887, '00000117-7', 'error', 259),
(888, '00000150-0', 'error', 259),
(889, '00000162-2', 'error', 264),
(890, '00000136-6', 'error', 264),
(891, '00000154-4', 'error', 264),
(892, '00000169-9', 'error', 296),
(893, '00000111-1', 'error', 296),
(894, '00000127-7', 'error', 296),
(895, '00000189-9', 'error', 2),
(896, '00000175-5', 'error', 2),
(897, '00000105-5', 'error', 2),
(898, '00000193-3', 'error', 3),
(899, '00000101-1', 'error', 3),
(900, '00000136-6', 'error', 3),
(901, '00000189-9', 'error', 6),
(902, '00000136-6', 'error', 6),
(903, '00000101-1', 'error', 6),
(904, '00000105-5', 'error', 13),
(905, '00000159-9', 'error', 13),
(906, '00000175-5', 'error', 13),
(907, '00000171-1', 'error', 21),
(908, '00000147-7', 'error', 21),
(909, '00000105-5', 'error', 21),
(910, '00000189-9', 'error', 36),
(911, '00000101-1', 'error', 36),
(912, '00000179-9', 'error', 36),
(913, '00000147-7', 'error', 55),
(914, '00000193-3', 'error', 55),
(915, '00000136-6', 'error', 55),
(916, '00000188-8', 'error', 57),
(917, '00000159-9', 'error', 57),
(918, '00000116-6', 'error', 57),
(919, '00000179-9', 'error', 69),
(920, '00000101-1', 'error', 69),
(921, '00000116-6', 'error', 69),
(922, '00000147-7', 'error', 79),
(923, '00000116-6', 'error', 79),
(924, '00000189-9', 'error', 79),
(925, '00000136-6', 'error', 95),
(926, '00000189-9', 'error', 95),
(927, '00000179-9', 'error', 95),
(928, '00000171-1', 'error', 99),
(929, '00000101-1', 'error', 99),
(930, '00000116-6', 'error', 99),
(931, '00000171-1', 'error', 100),
(932, '00000175-5', 'error', 100),
(933, '00000165-5', 'error', 100),
(934, '00000147-7', 'error', 107),
(935, '00000189-9', 'error', 107),
(936, '00000105-5', 'error', 107),
(937, '00000175-5', 'error', 112),
(938, '00000188-8', 'error', 112),
(939, '00000136-6', 'error', 112),
(940, '00000147-7', 'error', 118),
(941, '00000193-3', 'error', 118),
(942, '00000119-9', 'error', 118),
(943, '00000159-9', 'error', 121),
(944, '00000119-9', 'error', 121),
(945, '00000171-1', 'error', 121),
(946, '00000116-6', 'error', 122),
(947, '00000193-3', 'error', 122),
(948, '00000171-1', 'error', 122),
(949, '00000193-3', 'error', 123),
(950, '00000159-9', 'error', 123),
(951, '00000101-1', 'error', 123),
(952, '00000147-7', 'error', 125),
(953, '00000119-9', 'error', 125),
(954, '00000189-9', 'error', 125),
(955, '00000189-9', 'error', 127),
(956, '00000136-6', 'error', 127),
(957, '00000147-7', 'error', 127),
(958, '00000193-3', 'error', 138),
(959, '00000165-5', 'error', 138),
(960, '00000101-1', 'error', 138),
(961, '00000105-5', 'error', 143),
(962, '00000189-9', 'error', 143),
(963, '00000116-6', 'error', 143),
(964, '00000193-3', 'error', 150),
(965, '00000136-6', 'error', 150),
(966, '00000165-5', 'error', 150),
(967, '00000189-9', 'error', 151),
(968, '00000116-6', 'error', 151),
(969, '00000101-1', 'error', 151),
(970, '00000189-9', 'error', 160),
(971, '00000147-7', 'error', 160),
(972, '00000193-3', 'error', 160),
(973, '00000136-6', 'error', 162),
(974, '00000188-8', 'error', 162),
(975, '00000175-5', 'error', 162),
(976, '00000147-7', 'error', 171),
(977, '00000193-3', 'error', 171),
(978, '00000105-5', 'error', 171),
(979, '00000101-1', 'error', 178),
(980, '00000175-5', 'error', 178),
(981, '00000116-6', 'error', 178),
(982, '00000165-5', 'error', 183),
(983, '00000171-1', 'error', 183),
(984, '00000193-3', 'error', 183),
(985, '00000147-7', 'error', 184),
(986, '00000171-1', 'error', 184),
(987, '00000165-5', 'error', 184),
(988, '00000171-1', 'error', 202),
(989, '00000116-6', 'error', 202),
(990, '00000119-9', 'error', 202),
(991, '00000116-6', 'error', 203),
(992, '00000119-9', 'error', 203),
(993, '00000175-5', 'error', 203),
(994, '00000101-1', 'error', 207),
(995, '00000105-5', 'error', 207),
(996, '00000119-9', 'error', 207),
(997, '00000116-6', 'error', 215),
(998, '00000119-9', 'error', 215),
(999, '00000165-5', 'error', 215),
(1000, '00000165-5', 'error', 225),
(1001, '00000189-9', 'error', 225),
(1002, '00000188-8', 'error', 225),
(1003, '00000193-3', 'error', 245),
(1004, '00000105-5', 'error', 245),
(1005, '00000189-9', 'error', 245),
(1006, '00000159-9', 'error', 252),
(1007, '00000119-9', 'error', 252),
(1008, '00000101-1', 'error', 252),
(1009, '00000171-1', 'error', 260),
(1010, '00000116-6', 'error', 260),
(1011, '00000175-5', 'error', 260),
(1012, '00000171-1', 'error', 263),
(1013, '00000175-5', 'error', 263),
(1014, '00000165-5', 'error', 263),
(1015, '00000119-9', 'error', 269),
(1016, '00000116-6', 'error', 269),
(1017, '00000105-5', 'error', 269),
(1018, '00000165-5', 'error', 270),
(1019, '00000105-5', 'error', 270),
(1020, '00000188-8', 'error', 270),
(1021, '00000188-8', 'error', 272),
(1022, '00000171-1', 'error', 272),
(1023, '00000189-9', 'error', 272),
(1024, '00000189-9', 'error', 274),
(1025, '00000159-9', 'error', 274),
(1026, '00000116-6', 'error', 274),
(1027, '00000171-1', 'error', 277),
(1028, '00000193-3', 'error', 277),
(1029, '00000188-8', 'error', 277),
(1030, '00000165-5', 'error', 287),
(1031, '00000188-8', 'error', 287),
(1032, '00000116-6', 'error', 287),
(1033, '00000105-5', 'error', 291),
(1034, '00000193-3', 'error', 291),
(1035, '00000116-6', 'error', 291),
(1036, '00000105-5', 'error', 295),
(1037, '00000175-5', 'error', 295),
(1038, '00000165-5', 'error', 295),
(1039, '00000165-5', 'error', 300),
(1040, '00000116-6', 'error', 300),
(1041, '00000175-5', 'error', 300),
(1042, '00000112-2', 'error', 12),
(1043, '00000140-0', 'error', 12),
(1044, '00000199-9', 'error', 12),
(1045, '00000186-6', 'error', 27),
(1046, '00000112-2', 'error', 27),
(1047, '00000120-0', 'error', 27),
(1048, '00000149-9', 'error', 31),
(1049, '00000110-0', 'error', 31),
(1050, '00000103-3', 'error', 31),
(1051, '00000112-2', 'error', 41),
(1052, '00000199-9', 'error', 41),
(1053, '00000181-1', 'error', 41),
(1054, '00000112-2', 'error', 48),
(1055, '00000198-8', 'error', 48),
(1056, '00000181-1', 'error', 48),
(1057, '00000186-6', 'error', 82),
(1058, '00000112-2', 'error', 82),
(1059, '00000103-3', 'error', 82),
(1060, '00000139-9', 'error', 88),
(1061, '00000129-9', 'error', 88),
(1062, '00000164-4', 'error', 88),
(1063, '00000198-8', 'error', 90),
(1064, '00000139-9', 'error', 90),
(1065, '00000146-6', 'error', 90),
(1066, '00000139-9', 'error', 91),
(1067, '00000146-6', 'error', 91),
(1068, '00000181-1', 'error', 91),
(1069, '00000163-3', 'error', 92),
(1070, '00000128-8', 'error', 92),
(1071, '00000178-8', 'error', 92),
(1072, '00000112-2', 'error', 93),
(1073, '00000146-6', 'error', 93),
(1074, '00000129-9', 'error', 93),
(1075, '00000110-0', 'error', 98),
(1076, '00000146-6', 'error', 98),
(1077, '00000129-9', 'error', 98),
(1078, '00000103-3', 'error', 109),
(1079, '00000181-1', 'error', 109),
(1080, '00000185-5', 'error', 109),
(1081, '00000140-0', 'error', 116),
(1082, '00000110-0', 'error', 116),
(1083, '00000199-9', 'error', 116),
(1084, '00000120-0', 'error', 130),
(1085, '00000174-4', 'error', 130),
(1086, '00000199-9', 'error', 130),
(1087, '00000110-0', 'error', 147),
(1088, '00000190-0', 'error', 147),
(1089, '00000164-4', 'error', 147),
(1090, '00000163-3', 'error', 148),
(1091, '00000178-8', 'error', 148),
(1092, '00000120-0', 'error', 148),
(1093, '00000146-6', 'error', 156),
(1094, '00000139-9', 'error', 156),
(1095, '00000170-0', 'error', 156),
(1096, '00000139-9', 'error', 185),
(1097, '00000190-0', 'error', 185),
(1098, '00000120-0', 'error', 185),
(1099, '00000186-6', 'error', 187),
(1100, '00000174-4', 'error', 187),
(1101, '00000181-1', 'error', 187),
(1102, '00000180-0', 'error', 189),
(1103, '00000139-9', 'error', 189),
(1104, '00000110-0', 'error', 189),
(1105, '00000149-9', 'error', 191),
(1106, '00000199-9', 'error', 191),
(1107, '00000129-9', 'error', 191),
(1108, '00000190-0', 'error', 197),
(1109, '00000164-4', 'error', 197),
(1110, '00000199-9', 'error', 197),
(1111, '00000190-0', 'error', 206),
(1112, '00000112-2', 'error', 206),
(1113, '00000198-8', 'error', 206),
(1114, '00000170-0', 'error', 209),
(1115, '00000198-8', 'error', 209),
(1116, '00000128-8', 'error', 209),
(1117, '00000146-6', 'error', 226),
(1118, '00000170-0', 'error', 226),
(1119, '00000169-9', 'error', 226),
(1120, '00000149-9', 'error', 227),
(1121, '00000186-6', 'error', 227),
(1122, '00000198-8', 'error', 227),
(1123, '00000163-3', 'error', 228),
(1124, '00000149-9', 'error', 228),
(1125, '00000181-1', 'error', 228),
(1126, '00000112-2', 'error', 231),
(1127, '00000180-0', 'error', 231),
(1128, '00000139-9', 'error', 231),
(1129, '00000174-4', 'error', 233),
(1130, '00000178-8', 'error', 233),
(1131, '00000128-8', 'error', 233),
(1132, '00000146-6', 'error', 242),
(1133, '00000112-2', 'error', 242),
(1134, '00000164-4', 'error', 242),
(1135, '00000169-9', 'error', 253),
(1136, '00000164-4', 'error', 253),
(1137, '00000185-5', 'error', 253),
(1138, '00000174-4', 'error', 256),
(1139, '00000180-0', 'error', 256),
(1140, '00000164-4', 'error', 256),
(1141, '00000139-9', 'error', 258),
(1142, '00000163-3', 'error', 258),
(1143, '00000174-4', 'error', 258),
(1144, '00000181-1', 'error', 271),
(1145, '00000128-8', 'error', 271),
(1146, '00000139-9', 'error', 271),
(1147, '00000198-8', 'error', 275),
(1148, '00000178-8', 'error', 275),
(1149, '00000146-6', 'error', 275),
(1150, '00000198-8', 'error', 298),
(1151, '00000139-9', 'error', 298),
(1152, '00000170-0', 'error', 298),
(1153, '00000156-6', 'error', 10),
(1154, '00000124-4', 'error', 10),
(1155, '00000114-4', 'error', 10),
(1156, '00000146-6', 'error', 11),
(1157, '00000113-3', 'error', 11),
(1158, '00000124-4', 'error', 11),
(1159, '00000176-6', 'error', 18),
(1160, '00000113-3', 'error', 18),
(1161, '00000110-0', 'error', 18),
(1162, '00000161-1', 'error', 22),
(1163, '00000156-6', 'error', 22),
(1164, '00000110-0', 'error', 22),
(1165, '00000113-3', 'error', 23),
(1166, '00000146-6', 'error', 23),
(1167, '00000161-1', 'error', 23),
(1168, '00000108-8', 'error', 51),
(1169, '00000114-4', 'error', 51),
(1170, '00000194-4', 'error', 51),
(1171, '00000192-2', 'error', 67),
(1172, '00000113-3', 'error', 67),
(1173, '00000124-4', 'error', 67),
(1174, '00000138-8', 'error', 73),
(1175, '00000142-2', 'error', 73),
(1176, '00000114-4', 'error', 73),
(1177, '00000157-7', 'error', 75),
(1178, '00000118-8', 'error', 75),
(1179, '00000167-7', 'error', 75),
(1180, '00000176-6', 'error', 78),
(1181, '00000167-7', 'error', 78),
(1182, '00000114-4', 'error', 78),
(1183, '00000167-7', 'error', 83),
(1184, '00000118-8', 'error', 83),
(1185, '00000176-6', 'error', 83),
(1186, '00000142-2', 'error', 87),
(1187, '00000161-1', 'error', 87),
(1188, '00000146-6', 'error', 87),
(1189, '00000157-7', 'error', 104),
(1190, '00000138-8', 'error', 104),
(1191, '00000118-8', 'error', 104),
(1192, '00000103-3', 'error', 126),
(1193, '00000156-6', 'error', 126),
(1194, '00000108-8', 'error', 126),
(1195, '00000176-6', 'error', 128),
(1196, '00000124-4', 'error', 128),
(1197, '00000192-2', 'error', 128),
(1198, '00000191-1', 'error', 129),
(1199, '00000124-4', 'error', 129),
(1200, '00000108-8', 'error', 129),
(1201, '00000194-4', 'error', 135),
(1202, '00000142-2', 'error', 135),
(1203, '00000118-8', 'error', 135),
(1204, '00000114-4', 'error', 136),
(1205, '00000191-1', 'error', 136),
(1206, '00000142-2', 'error', 136),
(1207, '00000167-7', 'error', 141),
(1208, '00000114-4', 'error', 141),
(1209, '00000194-4', 'error', 141),
(1210, '00000167-7', 'error', 144),
(1211, '00000124-4', 'error', 144),
(1212, '00000157-7', 'error', 144),
(1213, '00000118-8', 'error', 155),
(1214, '00000108-8', 'error', 155),
(1215, '00000191-1', 'error', 155),
(1216, '00000192-2', 'error', 168),
(1217, '00000176-6', 'error', 168),
(1218, '00000118-8', 'error', 168),
(1219, '00000124-4', 'error', 173),
(1220, '00000108-8', 'error', 173),
(1221, '00000191-1', 'error', 173),
(1222, '00000108-8', 'error', 174),
(1223, '00000114-4', 'error', 174),
(1224, '00000124-4', 'error', 174),
(1225, '00000108-8', 'error', 186),
(1226, '00000124-4', 'error', 186),
(1227, '00000118-8', 'error', 186),
(1228, '00000103-3', 'error', 204),
(1229, '00000194-4', 'error', 204),
(1230, '00000191-1', 'error', 204),
(1231, '00000161-1', 'error', 205),
(1232, '00000142-2', 'error', 205),
(1233, '00000108-8', 'error', 205),
(1234, '00000113-3', 'error', 213),
(1235, '00000103-3', 'error', 213),
(1236, '00000124-4', 'error', 213),
(1237, '00000108-8', 'error', 218),
(1238, '00000156-6', 'error', 218),
(1239, '00000114-4', 'error', 218),
(1240, '00000176-6', 'error', 219),
(1241, '00000103-3', 'error', 219),
(1242, '00000138-8', 'error', 219),
(1243, '00000103-3', 'error', 230),
(1244, '00000138-8', 'error', 230),
(1245, '00000167-7', 'error', 230),
(1246, '00000191-1', 'error', 234),
(1247, '00000142-2', 'error', 234),
(1248, '00000124-4', 'error', 234),
(1249, '00000124-4', 'error', 237),
(1250, '00000194-4', 'error', 237),
(1251, '00000114-4', 'error', 237),
(1252, '00000118-8', 'error', 243),
(1253, '00000114-4', 'error', 243),
(1254, '00000194-4', 'error', 243),
(1255, '00000114-4', 'error', 244),
(1256, '00000167-7', 'error', 244),
(1257, '00000142-2', 'error', 244),
(1258, '00000118-8', 'error', 248),
(1259, '00000192-2', 'error', 248),
(1260, '00000176-6', 'error', 248),
(1261, '00000118-8', 'error', 262),
(1262, '00000194-4', 'error', 262),
(1263, '00000176-6', 'error', 262),
(1264, '00000194-4', 'error', 279),
(1265, '00000167-7', 'error', 279),
(1266, '00000176-6', 'error', 279),
(1267, '00000167-7', 'error', 283),
(1268, '00000176-6', 'error', 283),
(1269, '00000138-8', 'error', 283),
(1270, '00000192-2', 'error', 284),
(1271, '00000167-7', 'error', 284),
(1272, '00000118-8', 'error', 284),
(1273, '00000142-2', 'error', 286),
(1274, '00000167-7', 'error', 286),
(1275, '00000194-4', 'error', 286),
(1276, '00000103-3', 'error', 289),
(1277, '00000124-4', 'error', 289),
(1278, '00000192-2', 'error', 289),
(1279, '00000161-1', 'error', 297),
(1280, '00000167-7', 'error', 297),
(1281, '00000113-3', 'error', 297),
(1282, '00000192-2', 'error', 299),
(1283, '00000113-3', 'error', 299),
(1284, '00000167-7', 'error', 299),
(1285, '00000155-5', 'error', 1),
(1286, '00000109-9', 'error', 1),
(1287, '00000153-3', 'error', 1),
(1288, '00000122-2', 'error', 7),
(1289, '00000184-4', 'error', 7),
(1290, '00000155-5', 'error', 7),
(1291, '00000122-2', 'error', 16),
(1292, '00000153-3', 'error', 16),
(1293, '00000183-3', 'error', 16),
(1294, '00000173-3', 'error', 25),
(1295, '00000155-5', 'error', 25),
(1296, '00000148-8', 'error', 25),
(1297, '00000183-3', 'error', 30),
(1298, '00000122-2', 'error', 30),
(1299, '00000162-2', 'error', 30),
(1300, '00000184-4', 'error', 32),
(1301, '00000111-1', 'error', 32),
(1302, '00000162-2', 'error', 32),
(1303, '00000107-7', 'error', 34),
(1304, '00000173-3', 'error', 34),
(1305, '00000122-2', 'error', 34),
(1306, '00000162-2', 'error', 37),
(1307, '00000183-3', 'error', 37),
(1308, '00000153-3', 'error', 37),
(1309, '00000148-8', 'error', 44),
(1310, '00000162-2', 'error', 44),
(1311, '00000111-1', 'error', 44),
(1312, '00000155-5', 'error', 53),
(1313, '00000148-8', 'error', 53),
(1314, '00000109-9', 'error', 53),
(1315, '00000162-2', 'error', 56),
(1316, '00000155-5', 'error', 56),
(1317, '00000109-9', 'error', 56),
(1318, '00000195-5', 'error', 62),
(1319, '00000148-8', 'error', 62),
(1320, '00000155-5', 'error', 62),
(1321, '00000162-2', 'error', 64),
(1322, '00000122-2', 'error', 64),
(1323, '00000195-5', 'error', 64),
(1324, '00000173-3', 'error', 68),
(1325, '00000162-2', 'error', 68),
(1326, '00000153-3', 'error', 68),
(1327, '00000155-5', 'error', 70),
(1328, '00000107-7', 'error', 70),
(1329, '00000162-2', 'error', 70),
(1330, '00000122-2', 'error', 72),
(1331, '00000184-4', 'error', 72),
(1332, '00000195-5', 'error', 72),
(1333, '00000183-3', 'error', 81),
(1334, '00000109-9', 'error', 81),
(1335, '00000184-4', 'error', 81),
(1336, '00000148-8', 'error', 84),
(1337, '00000122-2', 'error', 84),
(1338, '00000162-2', 'error', 84),
(1339, '00000195-5', 'error', 97),
(1340, '00000184-4', 'error', 97),
(1341, '00000173-3', 'error', 97),
(1342, '00000122-2', 'error', 106),
(1343, '00000155-5', 'error', 106),
(1344, '00000162-2', 'error', 106),
(1345, '00000195-5', 'error', 108),
(1346, '00000155-5', 'error', 108),
(1347, '00000122-2', 'error', 108),
(1348, '00000153-3', 'error', 114),
(1349, '00000155-5', 'error', 114),
(1350, '00000173-3', 'error', 114),
(1351, '00000183-3', 'error', 131),
(1352, '00000195-5', 'error', 131),
(1353, '00000184-4', 'error', 131),
(1354, '00000183-3', 'error', 133),
(1355, '00000155-5', 'error', 133),
(1356, '00000173-3', 'error', 133),
(1357, '00000109-9', 'error', 137),
(1358, '00000183-3', 'error', 137),
(1359, '00000122-2', 'error', 137),
(1360, '00000183-3', 'error', 161),
(1361, '00000195-5', 'error', 161),
(1362, '00000148-8', 'error', 161),
(1363, '00000173-3', 'error', 166),
(1364, '00000153-3', 'error', 166),
(1365, '00000195-5', 'error', 166),
(1366, '00000109-9', 'error', 179),
(1367, '00000153-3', 'error', 179),
(1368, '00000122-2', 'error', 179),
(1369, '00000153-3', 'error', 182),
(1370, '00000183-3', 'error', 182),
(1371, '00000148-8', 'error', 182),
(1372, '00000153-3', 'error', 192),
(1373, '00000183-3', 'error', 192),
(1374, '00000122-2', 'error', 192),
(1375, '00000107-7', 'error', 195),
(1376, '00000148-8', 'error', 195),
(1377, '00000183-3', 'error', 195);
INSERT INTO `ingeniero_solicitud` (`id`, `rut_ingeniero`, `tipo_solicitud`, `id_solicitud`) VALUES
(1378, '00000153-3', 'error', 221),
(1379, '00000184-4', 'error', 221),
(1380, '00000173-3', 'error', 221),
(1381, '00000122-2', 'error', 223),
(1382, '00000148-8', 'error', 223),
(1383, '00000183-3', 'error', 223),
(1384, '00000122-2', 'error', 229),
(1385, '00000153-3', 'error', 229),
(1386, '00000107-7', 'error', 229),
(1387, '00000109-9', 'error', 247),
(1388, '00000107-7', 'error', 247),
(1389, '00000184-4', 'error', 247),
(1390, '00000183-3', 'error', 249),
(1391, '00000173-3', 'error', 249),
(1392, '00000109-9', 'error', 249),
(1393, '00000109-9', 'error', 254),
(1394, '00000173-3', 'error', 254),
(1395, '00000107-7', 'error', 254),
(1396, '00000183-3', 'error', 255),
(1397, '00000173-3', 'error', 255),
(1398, '00000107-7', 'error', 255),
(1399, '00000109-9', 'error', 267),
(1400, '00000153-3', 'error', 267),
(1401, '00000107-7', 'error', 267),
(1402, '00000184-4', 'error', 273),
(1403, '00000173-3', 'error', 273),
(1404, '00000183-3', 'error', 273),
(1405, '00000173-3', 'error', 281),
(1406, '00000183-3', 'error', 281),
(1407, '00000184-4', 'error', 281),
(1408, '00000173-3', 'error', 282),
(1409, '00000153-3', 'error', 282),
(1410, '00000184-4', 'error', 282),
(1411, '00000107-7', 'error', 288),
(1412, '00000173-3', 'error', 288),
(1413, '00000153-3', 'error', 288),
(1414, '00000184-4', 'error', 293),
(1415, '00000122-2', 'error', 293),
(1416, '00000109-9', 'error', 293),
(1417, '00000115-5', 'error', 14),
(1418, '00000126-6', 'error', 14),
(1419, '00000188-8', 'error', 14),
(1420, '00000141-1', 'error', 15),
(1421, '00000102-2', 'error', 15),
(1422, '00000196-6', 'error', 15),
(1423, '00000115-5', 'error', 17),
(1424, '00000188-8', 'error', 17),
(1425, '00000145-5', 'error', 17),
(1426, '00000160-0', 'error', 20),
(1427, '00000102-2', 'error', 20),
(1428, '00000141-1', 'error', 20),
(1429, '00000149-9', 'error', 42),
(1430, '00000115-5', 'error', 42),
(1431, '00000160-0', 'error', 42),
(1432, '00000160-0', 'error', 43),
(1433, '00000188-8', 'error', 43),
(1434, '00000144-4', 'error', 43),
(1435, '00000149-9', 'error', 45),
(1436, '00000134-4', 'error', 45),
(1437, '00000115-5', 'error', 45),
(1438, '00000144-4', 'error', 65),
(1439, '00000115-5', 'error', 65),
(1440, '00000126-6', 'error', 65),
(1441, '00000149-9', 'error', 76),
(1442, '00000145-5', 'error', 76),
(1443, '00000160-0', 'error', 76),
(1444, '00000145-5', 'error', 103),
(1445, '00000160-0', 'error', 103),
(1446, '00000149-9', 'error', 103),
(1447, '00000115-5', 'error', 110),
(1448, '00000134-4', 'error', 110),
(1449, '00000160-0', 'error', 110),
(1450, '00000149-9', 'error', 113),
(1451, '00000126-6', 'error', 113),
(1452, '00000115-5', 'error', 113),
(1453, '00000149-9', 'error', 119),
(1454, '00000196-6', 'error', 119),
(1455, '00000160-0', 'error', 119),
(1456, '00000160-0', 'error', 132),
(1457, '00000145-5', 'error', 132),
(1458, '00000134-4', 'error', 132),
(1459, '00000115-5', 'error', 142),
(1460, '00000126-6', 'error', 142),
(1461, '00000149-9', 'error', 142),
(1462, '00000145-5', 'error', 145),
(1463, '00000134-4', 'error', 145),
(1464, '00000126-6', 'error', 145),
(1465, '00000126-6', 'error', 146),
(1466, '00000160-0', 'error', 146),
(1467, '00000196-6', 'error', 146),
(1468, '00000115-5', 'error', 163),
(1469, '00000134-4', 'error', 163),
(1470, '00000196-6', 'error', 163),
(1471, '00000160-0', 'error', 169),
(1472, '00000149-9', 'error', 169),
(1473, '00000134-4', 'error', 169),
(1474, '00000102-2', 'error', 170),
(1475, '00000134-4', 'error', 170),
(1476, '00000160-0', 'error', 170),
(1477, '00000196-6', 'error', 194),
(1478, '00000126-6', 'error', 194),
(1479, '00000102-2', 'error', 194),
(1480, '00000126-6', 'error', 198),
(1481, '00000102-2', 'error', 198),
(1482, '00000115-5', 'error', 198),
(1483, '00000126-6', 'error', 224),
(1484, '00000196-6', 'error', 224),
(1485, '00000102-2', 'error', 224),
(1486, '00000126-6', 'error', 236),
(1487, '00000102-2', 'error', 236),
(1488, '00000102-2', 'error', 238),
(1489, '00000126-6', 'error', 238),
(1490, '00000126-6', 'error', 241),
(1491, '00000102-2', 'error', 241),
(1492, '00000126-6', 'error', 290),
(1493, '00000102-2', 'error', 290),
(1494, '00000102-2', 'error', 294),
(1495, '00000126-6', 'error', 294);

--
-- Disparadores `ingeniero_solicitud`
--
DELIMITER $$
CREATE TRIGGER `trg_limitar_ingenieros_por_solicitud` BEFORE INSERT ON `ingeniero_solicitud` FOR EACH ROW BEGIN
    DECLARE total INT;
    SELECT COUNT(*) INTO total FROM ingeniero_solicitud
    WHERE tipo_solicitud = NEW.tipo_solicitud
      AND id_solicitud = NEW.id_solicitud;
    IF total >= 3 THEN
        SIGNAL SQLSTATE '45000'
        SET MESSAGE_TEXT = 'No se pueden asignar más de 3 ingenieros a una solicitud';
    END IF;
END
$$
DELIMITER ;
DELIMITER $$
CREATE TRIGGER `trg_limitar_solicitudes_por_ingeniero` BEFORE INSERT ON `ingeniero_solicitud` FOR EACH ROW BEGIN
    DECLARE total INT;
    SELECT COUNT(*) INTO total FROM ingeniero_solicitud
    WHERE rut_ingeniero = NEW.rut_ingeniero;
    IF total >= 20 THEN
        SIGNAL SQLSTATE '45000'
        SET MESSAGE_TEXT = 'Un ingeniero no puede estar asignado a más de 20 solicitudes';
    END IF;
END
$$
DELIMITER ;

-- --------------------------------------------------------

--
-- Estructura de tabla para la tabla `solicitudes_error`
--

CREATE TABLE `solicitudes_error` (
  `id` int(11) NOT NULL,
  `titulo` varchar(150) NOT NULL,
  `descripcion` varchar(200) NOT NULL,
  `fecha_publicacion` date NOT NULL,
  `id_topico` int(11) NOT NULL,
  `autor_rut` varchar(10) NOT NULL,
  `estado` varchar(20) NOT NULL
) ENGINE=InnoDB DEFAULT CHARSET=utf8mb4 COLLATE=utf8mb4_general_ci;

--
-- Volcado de datos para la tabla `solicitudes_error`
--

INSERT INTO `solicitudes_error` (`id`, `titulo`, `descripcion`, `fecha_publicacion`, `id_topico`, `autor_rut`, `estado`) VALUES
(1, 'Error_1', 'Descripción del error número 1', '2023-11-17', 7, '00000025-5', 'Resuelto'),
(2, 'Error_2', 'Descripción del error número 2', '2022-12-01', 4, '00000021-1', 'En Progreso'),
(3, 'Error_3', 'Descripción del error número 3', '2023-03-18', 4, '00000006-6', 'Resuelto'),
(4, 'Error_4', 'Descripción del error número 4', '2023-01-11', 3, '00000005-5', 'En Progreso'),
(5, 'Error_5', 'Descripción del error número 5', '2025-01-31', 3, '00000006-6', 'Abierto'),
(6, 'Error_6', 'Descripción del error número 6', '2019-01-23', 4, '00000020-0', 'Resuelto'),
(7, 'Error_7', 'Descripción del error número 7', '2018-08-11', 7, '00000027-7', 'Resuelto'),
(8, 'Error_8', 'Descripción del error número 8', '2017-10-12', 3, '00000010-0', 'Cerrado'),
(9, 'Error_9', 'Descripción del error número 9', '2024-11-30', 1, '00000018-8', 'En Progreso'),
(10, 'Error_10', 'Descripción del error número 10', '2020-01-28', 6, '00000038-8', 'Abierto'),
(11, 'Error_11', 'Descripción del error número 11', '2024-12-01', 6, '00000017-7', 'En Progreso'),
(12, 'Error_12', 'Descripción del error número 12', '2025-01-22', 5, '00000050-0', 'En Progreso'),
(13, 'Error_13', 'Descripción del error número 13', '2022-03-28', 4, '00000021-1', 'Cerrado'),
(14, 'Error_14', 'Descripción del error número 14', '2022-09-02', 8, '00000017-7', 'En Progreso'),
(15, 'Error_15', 'Descripción del error número 15', '2025-07-10', 8, '00000014-4', 'En Progreso'),
(16, 'Error_16', 'Descripción del error número 16', '2025-10-02', 7, '00000035-5', 'Abierto'),
(17, 'Error_17', 'Descripción del error número 17', '2019-12-22', 8, '00000031-1', 'Resuelto'),
(18, 'Error_18', 'Descripción del error número 18', '2022-03-02', 6, '00000026-6', 'Resuelto'),
(19, 'Error_19', 'Descripción del error número 19', '2022-03-24', 3, '00000003-3', 'Resuelto'),
(20, 'Error_20', 'Descripción del error número 20', '2018-12-24', 8, '00000012-2', 'Cerrado'),
(21, 'Error_21', 'Descripción del error número 21', '2024-12-27', 4, '00000030-0', 'Abierto'),
(22, 'Error_22', 'Descripción del error número 22', '2018-04-05', 6, '00000016-6', 'Resuelto'),
(23, 'Error_23', 'Descripción del error número 23', '2023-06-04', 6, '00000032-2', 'En Progreso'),
(24, 'Error_24', 'Descripción del error número 24', '2025-08-28', 1, '00000026-6', 'En Progreso'),
(25, 'Error_25', 'Descripción del error número 25', '2022-06-26', 7, '00000001-1', 'Cerrado'),
(26, 'Error_26', 'Descripción del error número 26', '2019-10-10', 1, '00000049-9', 'Abierto'),
(27, 'Error_27', 'Descripción del error número 27', '2018-07-17', 5, '00000023-3', 'En Progreso'),
(28, 'Error_28', 'Descripción del error número 28', '2018-08-15', 3, '00000002-2', 'Resuelto'),
(29, 'Error_29', 'Descripción del error número 29', '2022-11-29', 3, '00000031-1', 'Abierto'),
(30, 'Error_30', 'Descripción del error número 30', '2020-10-01', 7, '00000009-9', 'Resuelto'),
(31, 'Error_31', 'Descripción del error número 31', '2019-11-24', 5, '00000031-1', 'En Progreso'),
(32, 'Error_32', 'Descripción del error número 32', '2024-07-05', 7, '00000040-0', 'En Progreso'),
(33, 'Error_33', 'Descripción del error número 33', '2023-03-30', 3, '00000049-9', 'En Progreso'),
(34, 'Error_34', 'Descripción del error número 34', '2024-08-20', 7, '00000035-5', 'En Progreso'),
(35, 'Error_35', 'Descripción del error número 35', '2018-08-19', 2, '00000049-9', 'Resuelto'),
(36, 'Error_36', 'Descripción del error número 36', '2020-07-26', 4, '00000030-0', 'Abierto'),
(37, 'Error_37', 'Descripción del error número 37', '2025-02-15', 7, '00000009-9', 'Cerrado'),
(38, 'Error_38', 'Descripción del error número 38', '2020-05-10', 2, '00000027-7', 'En Progreso'),
(39, 'Error_39', 'Descripción del error número 39', '2021-07-28', 3, '00000042-2', 'Abierto'),
(40, 'Error_40', 'Descripción del error número 40', '2020-11-19', 1, '00000012-2', 'En Progreso'),
(41, 'Error_41', 'Descripción del error número 41', '2022-06-14', 5, '00000046-6', 'En Progreso'),
(42, 'Error_42', 'Descripción del error número 42', '2017-10-15', 8, '00000015-5', 'Cerrado'),
(43, 'Error_43', 'Descripción del error número 43', '2023-03-07', 8, '00000048-8', 'Abierto'),
(44, 'Error_44', 'Descripción del error número 44', '2023-05-07', 7, '00000017-7', 'Resuelto'),
(45, 'Error_45', 'Descripción del error número 45', '2023-08-02', 8, '00000012-2', 'Abierto'),
(46, 'Error_46', 'Descripción del error número 46', '2024-12-25', 2, '00000047-7', 'Abierto'),
(47, 'Error_47', 'Descripción del error número 47', '2023-07-23', 1, '00000045-5', 'Cerrado'),
(48, 'Error_48', 'Descripción del error número 48', '2024-11-19', 5, '00000020-0', 'Cerrado'),
(49, 'Error_49', 'Descripción del error número 49', '2023-01-14', 3, '00000026-6', 'Cerrado'),
(50, 'Error_50', 'Descripción del error número 50', '2023-06-03', 1, '00000012-2', 'En Progreso'),
(51, 'Error_51', 'Descripción del error número 51', '2018-04-16', 6, '00000039-9', 'Resuelto'),
(52, 'Error_52', 'Descripción del error número 52', '2022-02-05', 3, '00000050-0', 'En Progreso'),
(53, 'Error_53', 'Descripción del error número 53', '2019-08-03', 7, '00000010-0', 'En Progreso'),
(54, 'Error_54', 'Descripción del error número 54', '2018-01-24', 2, '00000010-0', 'Abierto'),
(55, 'Error_55', 'Descripción del error número 55', '2024-12-12', 4, '00000010-0', 'Abierto'),
(56, 'Error_56', 'Descripción del error número 56', '2024-09-05', 7, '00000009-9', 'Resuelto'),
(57, 'Error_57', 'Descripción del error número 57', '2017-12-03', 4, '00000029-9', 'Cerrado'),
(58, 'Error_58', 'Descripción del error número 58', '2019-03-07', 1, '00000027-7', 'En Progreso'),
(59, 'Error_59', 'Descripción del error número 59', '2024-07-17', 3, '00000049-9', 'En Progreso'),
(60, 'Error_60', 'Descripción del error número 60', '2021-08-26', 2, '00000037-7', 'Cerrado'),
(61, 'Error_61', 'Descripción del error número 61', '2025-10-03', 3, '00000032-2', 'Resuelto'),
(62, 'Error_62', 'Descripción del error número 62', '2023-07-13', 7, '00000014-4', 'Cerrado'),
(63, 'Error_63', 'Descripción del error número 63', '2018-03-07', 2, '00000031-1', 'Resuelto'),
(64, 'Error_64', 'Descripción del error número 64', '2024-12-03', 7, '00000043-3', 'Cerrado'),
(65, 'Error_65', 'Descripción del error número 65', '2025-08-30', 8, '00000011-1', 'Resuelto'),
(66, 'Error_66', 'Descripción del error número 66', '2021-10-19', 2, '00000037-7', 'Abierto'),
(67, 'Error_67', 'Descripción del error número 67', '2020-03-17', 6, '00000024-4', 'En Progreso'),
(68, 'Error_68', 'Descripción del error número 68', '2021-10-07', 7, '00000034-4', 'Cerrado'),
(69, 'Error_69', 'Descripción del error número 69', '2023-04-23', 4, '00000016-6', 'En Progreso'),
(70, 'Error_70', 'Descripción del error número 70', '2020-10-23', 7, '00000038-8', 'Cerrado'),
(71, 'Error_71', 'Descripción del error número 71', '2020-05-15', 2, '00000038-8', 'Cerrado'),
(72, 'Error_72', 'Descripción del error número 72', '2018-06-16', 7, '00000037-7', 'Resuelto'),
(73, 'Error_73', 'Descripción del error número 73', '2017-08-20', 6, '00000021-1', 'En Progreso'),
(74, 'Error_74', 'Descripción del error número 74', '2025-05-13', 3, '00000049-9', 'Abierto'),
(75, 'Error_75', 'Descripción del error número 75', '2023-01-09', 6, '00000034-4', 'Resuelto'),
(76, 'Error_76', 'Descripción del error número 76', '2019-10-16', 8, '00000013-3', 'Cerrado'),
(77, 'Error_77', 'Descripción del error número 77', '2018-07-01', 1, '00000021-1', 'Cerrado'),
(78, 'Error_78', 'Descripción del error número 78', '2023-10-13', 6, '00000046-6', 'Cerrado'),
(79, 'Error_79', 'Descripción del error número 79', '2020-05-12', 4, '00000048-8', 'Cerrado'),
(80, 'Error_80', 'Descripción del error número 80', '2019-10-03', 2, '00000049-9', 'Abierto'),
(81, 'Error_81', 'Descripción del error número 81', '2019-08-29', 7, '00000042-2', 'Resuelto'),
(82, 'Error_82', 'Descripción del error número 82', '2025-08-29', 5, '00000020-0', 'Abierto'),
(83, 'Error_83', 'Descripción del error número 83', '2025-07-20', 6, '00000036-6', 'En Progreso'),
(84, 'Error_84', 'Descripción del error número 84', '2022-02-02', 7, '00000049-9', 'Cerrado'),
(85, 'Error_85', 'Descripción del error número 85', '2023-09-12', 2, '00000026-6', 'En Progreso'),
(86, 'Error_86', 'Descripción del error número 86', '2018-01-29', 1, '00000023-3', 'Abierto'),
(87, 'Error_87', 'Descripción del error número 87', '2023-08-15', 6, '00000007-7', 'Abierto'),
(88, 'Error_88', 'Descripción del error número 88', '2021-04-24', 5, '00000022-2', 'En Progreso'),
(89, 'Error_89', 'Descripción del error número 89', '2020-05-07', 2, '00000031-1', 'Cerrado'),
(90, 'Error_90', 'Descripción del error número 90', '2021-06-17', 5, '00000002-2', 'Resuelto'),
(91, 'Error_91', 'Descripción del error número 91', '2023-09-29', 5, '00000010-0', 'En Progreso'),
(92, 'Error_92', 'Descripción del error número 92', '2018-06-19', 5, '00000042-2', 'En Progreso'),
(93, 'Error_93', 'Descripción del error número 93', '2021-09-04', 5, '00000015-5', 'Cerrado'),
(94, 'Error_94', 'Descripción del error número 94', '2020-01-11', 1, '00000043-3', 'Cerrado'),
(95, 'Error_95', 'Descripción del error número 95', '2025-03-13', 4, '00000002-2', 'Resuelto'),
(96, 'Error_96', 'Descripción del error número 96', '2025-08-14', 2, '00000006-6', 'Resuelto'),
(97, 'Error_97', 'Descripción del error número 97', '2023-03-24', 7, '00000023-3', 'En Progreso'),
(98, 'Error_98', 'Descripción del error número 98', '2021-11-06', 5, '00000024-4', 'Resuelto'),
(99, 'Error_99', 'Descripción del error número 99', '2024-05-25', 4, '00000048-8', 'Cerrado'),
(100, 'Error_100', 'Descripción del error número 100', '2020-01-07', 4, '00000027-7', 'Abierto'),
(101, 'Error_101', 'Descripción del error número 101', '2018-04-08', 1, '00000050-0', 'Cerrado'),
(102, 'Error_102', 'Descripción del error número 102', '2019-06-02', 3, '00000030-0', 'En Progreso'),
(103, 'Error_103', 'Descripción del error número 103', '2023-06-29', 8, '00000023-3', 'Abierto'),
(104, 'Error_104', 'Descripción del error número 104', '2020-11-03', 6, '00000023-3', 'Abierto'),
(105, 'Error_105', 'Descripción del error número 105', '2024-01-01', 3, '00000047-7', 'Resuelto'),
(106, 'Error_106', 'Descripción del error número 106', '2022-03-28', 7, '00000027-7', 'Cerrado'),
(107, 'Error_107', 'Descripción del error número 107', '2019-03-11', 4, '00000016-6', 'Cerrado'),
(108, 'Error_108', 'Descripción del error número 108', '2023-01-20', 7, '00000018-8', 'Resuelto'),
(109, 'Error_109', 'Descripción del error número 109', '2020-02-29', 5, '00000013-3', 'Cerrado'),
(110, 'Error_110', 'Descripción del error número 110', '2017-08-12', 8, '00000038-8', 'Cerrado'),
(111, 'Error_111', 'Descripción del error número 111', '2025-01-12', 1, '00000031-1', 'En Progreso'),
(112, 'Error_112', 'Descripción del error número 112', '2024-03-10', 4, '00000049-9', 'Abierto'),
(113, 'Error_113', 'Descripción del error número 113', '2022-06-11', 8, '00000009-9', 'Abierto'),
(114, 'Error_114', 'Descripción del error número 114', '2020-07-14', 7, '00000038-8', 'Cerrado'),
(115, 'Error_115', 'Descripción del error número 115', '2020-06-17', 2, '00000048-8', 'Resuelto'),
(116, 'Error_116', 'Descripción del error número 116', '2025-01-12', 5, '00000016-6', 'Abierto'),
(117, 'Error_117', 'Descripción del error número 117', '2017-10-13', 3, '00000044-4', 'Abierto'),
(118, 'Error_118', 'Descripción del error número 118', '2020-03-18', 4, '00000038-8', 'En Progreso'),
(119, 'Error_119', 'Descripción del error número 119', '2025-01-10', 8, '00000020-0', 'En Progreso'),
(120, 'Error_120', 'Descripción del error número 120', '2018-11-10', 3, '00000020-0', 'Abierto'),
(121, 'Error_121', 'Descripción del error número 121', '2025-06-06', 4, '00000019-9', 'Resuelto'),
(122, 'Error_122', 'Descripción del error número 122', '2021-10-14', 4, '00000015-5', 'En Progreso'),
(123, 'Error_123', 'Descripción del error número 123', '2025-01-18', 4, '00000040-0', 'Cerrado'),
(124, 'Error_124', 'Descripción del error número 124', '2025-03-16', 1, '00000023-3', 'Cerrado'),
(125, 'Error_125', 'Descripción del error número 125', '2023-12-30', 4, '00000036-6', 'Abierto'),
(126, 'Error_126', 'Descripción del error número 126', '2024-06-23', 6, '00000042-2', 'Cerrado'),
(127, 'Error_127', 'Descripción del error número 127', '2023-01-30', 4, '00000050-0', 'En Progreso'),
(128, 'Error_128', 'Descripción del error número 128', '2024-05-06', 6, '00000030-0', 'Abierto'),
(129, 'Error_129', 'Descripción del error número 129', '2020-10-26', 6, '00000041-1', 'Cerrado'),
(130, 'Error_130', 'Descripción del error número 130', '2019-07-21', 5, '00000044-4', 'Resuelto'),
(131, 'Error_131', 'Descripción del error número 131', '2023-03-26', 7, '00000031-1', 'En Progreso'),
(132, 'Error_132', 'Descripción del error número 132', '2022-12-08', 8, '00000003-3', 'Abierto'),
(133, 'Error_133', 'Descripción del error número 133', '2024-01-09', 7, '00000028-8', 'En Progreso'),
(134, 'Error_134', 'Descripción del error número 134', '2023-11-28', 3, '00000014-4', 'Abierto'),
(135, 'Error_135', 'Descripción del error número 135', '2024-07-16', 6, '00000035-5', 'Abierto'),
(136, 'Error_136', 'Descripción del error número 136', '2023-10-19', 6, '00000025-5', 'Abierto'),
(137, 'Error_137', 'Descripción del error número 137', '2021-07-26', 7, '00000003-3', 'En Progreso'),
(138, 'Error_138', 'Descripción del error número 138', '2024-06-06', 4, '00000046-6', 'En Progreso'),
(139, 'Error_139', 'Descripción del error número 139', '2024-02-17', 1, '00000003-3', 'En Progreso'),
(140, 'Error_140', 'Descripción del error número 140', '2022-11-04', 2, '00000034-4', 'Resuelto'),
(141, 'Error_141', 'Descripción del error número 141', '2022-01-14', 6, '00000033-3', 'Resuelto'),
(142, 'Error_142', 'Descripción del error número 142', '2024-06-10', 8, '00000009-9', 'Cerrado'),
(143, 'Error_143', 'Descripción del error número 143', '2023-12-14', 4, '00000013-3', 'En Progreso'),
(144, 'Error_144', 'Descripción del error número 144', '2025-03-23', 6, '00000043-3', 'Abierto'),
(145, 'Error_145', 'Descripción del error número 145', '2020-05-10', 8, '00000010-0', 'Resuelto'),
(146, 'Error_146', 'Descripción del error número 146', '2022-08-04', 8, '00000006-6', 'Cerrado'),
(147, 'Error_147', 'Descripción del error número 147', '2022-05-25', 5, '00000035-5', 'Cerrado'),
(148, 'Error_148', 'Descripción del error número 148', '2022-08-26', 5, '00000026-6', 'Resuelto'),
(149, 'Error_149', 'Descripción del error número 149', '2024-05-21', 3, '00000030-0', 'Abierto'),
(150, 'Error_150', 'Descripción del error número 150', '2019-03-16', 4, '00000028-8', 'Resuelto'),
(151, 'Error_151', 'Descripción del error número 151', '2019-10-30', 4, '00000045-5', 'Cerrado'),
(152, 'Error_152', 'Descripción del error número 152', '2022-06-25', 2, '00000041-1', 'En Progreso'),
(153, 'Error_153', 'Descripción del error número 153', '2023-11-25', 1, '00000030-0', 'En Progreso'),
(154, 'Error_154', 'Descripción del error número 154', '2022-04-28', 3, '00000005-5', 'Cerrado'),
(155, 'Error_155', 'Descripción del error número 155', '2021-09-23', 6, '00000030-0', 'Abierto'),
(156, 'Error_156', 'Descripción del error número 156', '2017-08-17', 5, '00000007-7', 'Resuelto'),
(157, 'Error_157', 'Descripción del error número 157', '2021-03-25', 3, '00000032-2', 'Resuelto'),
(158, 'Error_158', 'Descripción del error número 158', '2024-05-01', 3, '00000012-2', 'Resuelto'),
(159, 'Error_159', 'Descripción del error número 159', '2023-12-02', 1, '00000026-6', 'Abierto'),
(160, 'Error_160', 'Descripción del error número 160', '2020-04-10', 4, '00000016-6', 'Cerrado'),
(161, 'Error_161', 'Descripción del error número 161', '2022-08-03', 7, '00000003-3', 'Abierto'),
(162, 'Error_162', 'Descripción del error número 162', '2020-02-26', 4, '00000002-2', 'Resuelto'),
(163, 'Error_163', 'Descripción del error número 163', '2020-03-14', 8, '00000026-6', 'En Progreso'),
(164, 'Error_164', 'Descripción del error número 164', '2023-08-28', 2, '00000004-4', 'En Progreso'),
(165, 'Error_165', 'Descripción del error número 165', '2019-08-13', 1, '00000045-5', 'Resuelto'),
(166, 'Error_166', 'Descripción del error número 166', '2023-06-26', 7, '00000036-6', 'Abierto'),
(167, 'Error_167', 'Descripción del error número 167', '2019-05-16', 1, '00000032-2', 'Resuelto'),
(168, 'Error_168', 'Descripción del error número 168', '2021-08-03', 6, '00000003-3', 'Abierto'),
(169, 'Error_169', 'Descripción del error número 169', '2024-06-11', 8, '00000010-0', 'Abierto'),
(170, 'Error_170', 'Descripción del error número 170', '2018-07-29', 8, '00000027-7', 'Resuelto'),
(171, 'Error_171', 'Descripción del error número 171', '2022-02-22', 4, '00000007-7', 'En Progreso'),
(172, 'Error_172', 'Descripción del error número 172', '2018-06-20', 3, '00000024-4', 'Resuelto'),
(173, 'Error_173', 'Descripción del error número 173', '2019-02-07', 6, '00000025-5', 'Cerrado'),
(174, 'Error_174', 'Descripción del error número 174', '2018-02-13', 6, '00000013-3', 'Resuelto'),
(175, 'Error_175', 'Descripción del error número 175', '2021-12-18', 3, '00000050-0', 'Cerrado'),
(176, 'Error_176', 'Descripción del error número 176', '2020-11-24', 3, '00000010-0', 'Resuelto'),
(177, 'Error_177', 'Descripción del error número 177', '2025-10-05', 3, '00000044-4', 'Abierto'),
(178, 'Error_178', 'Descripción del error número 178', '2021-08-10', 4, '00000018-8', 'Cerrado'),
(179, 'Error_179', 'Descripción del error número 179', '2024-11-04', 7, '00000013-3', 'Abierto'),
(180, 'Error_180', 'Descripción del error número 180', '2018-01-08', 1, '00000022-2', 'Resuelto'),
(181, 'Error_181', 'Descripción del error número 181', '2019-02-23', 1, '00000014-4', 'Resuelto'),
(182, 'Error_182', 'Descripción del error número 182', '2025-07-10', 7, '00000036-6', 'Cerrado'),
(183, 'Error_183', 'Descripción del error número 183', '2020-04-03', 4, '00000042-2', 'En Progreso'),
(184, 'Error_184', 'Descripción del error número 184', '2022-07-07', 4, '00000045-5', 'En Progreso'),
(185, 'Error_185', 'Descripción del error número 185', '2018-02-13', 5, '00000020-0', 'Abierto'),
(186, 'Error_186', 'Descripción del error número 186', '2024-10-16', 6, '00000006-6', 'Abierto'),
(187, 'Error_187', 'Descripción del error número 187', '2023-08-06', 5, '00000039-9', 'Cerrado'),
(188, 'Error_188', 'Descripción del error número 188', '2021-03-25', 2, '00000027-7', 'Cerrado'),
(189, 'Error_189', 'Descripción del error número 189', '2024-08-19', 5, '00000014-4', 'Cerrado'),
(190, 'Error_190', 'Descripción del error número 190', '2019-05-07', 1, '00000045-5', 'En Progreso'),
(191, 'Error_191', 'Descripción del error número 191', '2025-07-31', 5, '00000037-7', 'Abierto'),
(192, 'Error_192', 'Descripción del error número 192', '2019-03-21', 7, '00000032-2', 'Abierto'),
(193, 'Error_193', 'Descripción del error número 193', '2018-06-29', 3, '00000002-2', 'En Progreso'),
(194, 'Error_194', 'Descripción del error número 194', '2020-01-03', 8, '00000024-4', 'Cerrado'),
(195, 'Error_195', 'Descripción del error número 195', '2020-04-26', 7, '00000045-5', 'Resuelto'),
(196, 'Error_196', 'Descripción del error número 196', '2023-04-09', 1, '00000034-4', 'Resuelto'),
(197, 'Error_197', 'Descripción del error número 197', '2022-04-21', 5, '00000031-1', 'Resuelto'),
(198, 'Error_198', 'Descripción del error número 198', '2025-02-17', 8, '00000008-8', 'Cerrado'),
(199, 'Error_199', 'Descripción del error número 199', '2019-02-18', 1, '00000030-0', 'Abierto'),
(200, 'Error_200', 'Descripción del error número 200', '2022-02-02', 1, '00000042-2', 'Resuelto'),
(201, 'Error_201', 'Descripción del error número 201', '2019-07-08', 2, '00000031-1', 'Cerrado'),
(202, 'Error_202', 'Descripción del error número 202', '2021-02-21', 4, '00000034-4', 'Resuelto'),
(203, 'Error_203', 'Descripción del error número 203', '2017-11-07', 4, '00000014-4', 'Resuelto'),
(204, 'Error_204', 'Descripción del error número 204', '2023-03-04', 6, '00000041-1', 'Cerrado'),
(205, 'Error_205', 'Descripción del error número 205', '2021-11-20', 6, '00000045-5', 'En Progreso'),
(206, 'Error_206', 'Descripción del error número 206', '2019-07-06', 5, '00000044-4', 'Abierto'),
(207, 'Error_207', 'Descripción del error número 207', '2019-10-04', 4, '00000027-7', 'En Progreso'),
(208, 'Error_208', 'Descripción del error número 208', '2019-01-28', 3, '00000046-6', 'Abierto'),
(209, 'Error_209', 'Descripción del error número 209', '2021-05-31', 5, '00000049-9', 'Abierto'),
(210, 'Error_210', 'Descripción del error número 210', '2022-06-03', 2, '00000031-1', 'En Progreso'),
(211, 'Error_211', 'Descripción del error número 211', '2022-03-14', 1, '00000044-4', 'En Progreso'),
(212, 'Error_212', 'Descripción del error número 212', '2023-10-19', 2, '00000049-9', 'Cerrado'),
(213, 'Error_213', 'Descripción del error número 213', '2023-11-12', 6, '00000027-7', 'Resuelto'),
(214, 'Error_214', 'Descripción del error número 214', '2025-01-17', 3, '00000025-5', 'Resuelto'),
(215, 'Error_215', 'Descripción del error número 215', '2021-05-23', 4, '00000025-5', 'Cerrado'),
(216, 'Error_216', 'Descripción del error número 216', '2019-09-27', 1, '00000029-9', 'Resuelto'),
(217, 'Error_217', 'Descripción del error número 217', '2021-12-03', 3, '00000018-8', 'En Progreso'),
(218, 'Error_218', 'Descripción del error número 218', '2021-08-07', 6, '00000023-3', 'Resuelto'),
(219, 'Error_219', 'Descripción del error número 219', '2024-11-23', 6, '00000038-8', 'Cerrado'),
(220, 'Error_220', 'Descripción del error número 220', '2019-05-02', 3, '00000019-9', 'Abierto'),
(221, 'Error_221', 'Descripción del error número 221', '2021-03-09', 7, '00000022-2', 'Resuelto'),
(222, 'Error_222', 'Descripción del error número 222', '2024-09-03', 3, '00000019-9', 'Resuelto'),
(223, 'Error_223', 'Descripción del error número 223', '2020-10-21', 7, '00000031-1', 'Resuelto'),
(224, 'Error_224', 'Descripción del error número 224', '2018-10-16', 8, '00000037-7', 'En Progreso'),
(225, 'Error_225', 'Descripción del error número 225', '2021-01-22', 4, '00000005-5', 'Cerrado'),
(226, 'Error_226', 'Descripción del error número 226', '2024-11-07', 5, '00000033-3', 'Cerrado'),
(227, 'Error_227', 'Descripción del error número 227', '2019-09-15', 5, '00000042-2', 'En Progreso'),
(228, 'Error_228', 'Descripción del error número 228', '2020-05-21', 5, '00000028-8', 'Abierto'),
(229, 'Error_229', 'Descripción del error número 229', '2021-12-30', 7, '00000014-4', 'En Progreso'),
(230, 'Error_230', 'Descripción del error número 230', '2019-02-04', 6, '00000012-2', 'En Progreso'),
(231, 'Error_231', 'Descripción del error número 231', '2022-10-07', 5, '00000034-4', 'Resuelto'),
(232, 'Error_232', 'Descripción del error número 232', '2023-02-19', 3, '00000015-5', 'Abierto'),
(233, 'Error_233', 'Descripción del error número 233', '2023-06-19', 5, '00000032-2', 'En Progreso'),
(234, 'Error_234', 'Descripción del error número 234', '2022-11-27', 6, '00000030-0', 'Resuelto'),
(235, 'Error_235', 'Descripción del error número 235', '2018-01-07', 2, '00000012-2', 'Abierto'),
(236, 'Error_236', 'Descripción del error número 236', '2018-06-23', 8, '00000019-9', 'Cerrado'),
(237, 'Error_237', 'Descripción del error número 237', '2023-01-22', 6, '00000047-7', 'En Progreso'),
(238, 'Error_238', 'Descripción del error número 238', '2021-01-26', 8, '00000011-1', 'Abierto'),
(239, 'Error_239', 'Descripción del error número 239', '2020-06-27', 2, '00000004-4', 'Resuelto'),
(240, 'Error_240', 'Descripción del error número 240', '2021-01-08', 2, '00000022-2', 'Cerrado'),
(241, 'Error_241', 'Descripción del error número 241', '2024-01-13', 8, '00000050-0', 'Cerrado'),
(242, 'Error_242', 'Descripción del error número 242', '2022-08-26', 5, '00000016-6', 'Abierto'),
(243, 'Error_243', 'Descripción del error número 243', '2025-03-30', 6, '00000024-4', 'Abierto'),
(244, 'Error_244', 'Descripción del error número 244', '2018-10-13', 6, '00000031-1', 'Cerrado'),
(245, 'Error_245', 'Descripción del error número 245', '2022-05-05', 4, '00000029-9', 'Cerrado'),
(246, 'Error_246', 'Descripción del error número 246', '2024-01-05', 1, '00000011-1', 'Resuelto'),
(247, 'Error_247', 'Descripción del error número 247', '2024-10-14', 7, '00000005-5', 'Abierto'),
(248, 'Error_248', 'Descripción del error número 248', '2022-05-14', 6, '00000005-5', 'Abierto'),
(249, 'Error_249', 'Descripción del error número 249', '2022-11-24', 7, '00000030-0', 'Resuelto'),
(250, 'Error_250', 'Descripción del error número 250', '2025-03-22', 2, '00000040-0', 'Abierto'),
(251, 'Error_251', 'Descripción del error número 251', '2023-08-31', 1, '00000030-0', 'Resuelto'),
(252, 'Error_252', 'Descripción del error número 252', '2023-03-16', 4, '00000027-7', 'Abierto'),
(253, 'Error_253', 'Descripción del error número 253', '2017-12-27', 5, '00000007-7', 'En Progreso'),
(254, 'Error_254', 'Descripción del error número 254', '2019-08-15', 7, '00000004-4', 'Cerrado'),
(255, 'Error_255', 'Descripción del error número 255', '2025-08-28', 7, '00000044-4', 'En Progreso'),
(256, 'Error_256', 'Descripción del error número 256', '2021-07-30', 5, '00000003-3', 'Resuelto'),
(257, 'Error_257', 'Descripción del error número 257', '2023-07-03', 3, '00000013-3', 'Resuelto'),
(258, 'Error_258', 'Descripción del error número 258', '2021-09-28', 5, '00000045-5', 'Abierto'),
(259, 'Error_259', 'Descripción del error número 259', '2022-04-17', 3, '00000027-7', 'Resuelto'),
(260, 'Error_260', 'Descripción del error número 260', '2023-01-22', 4, '00000049-9', 'Resuelto'),
(261, 'Error_261', 'Descripción del error número 261', '2025-07-12', 1, '00000036-6', 'Cerrado'),
(262, 'Error_262', 'Descripción del error número 262', '2023-03-19', 6, '00000042-2', 'Resuelto'),
(263, 'Error_263', 'Descripción del error número 263', '2018-08-07', 4, '00000008-8', 'En Progreso'),
(264, 'Error_264', 'Descripción del error número 264', '2022-02-01', 3, '00000008-8', 'Resuelto'),
(265, 'Error_265', 'Descripción del error número 265', '2022-07-12', 1, '00000001-1', 'Resuelto'),
(266, 'Error_266', 'Descripción del error número 266', '2019-06-20', 1, '00000006-6', 'En Progreso'),
(267, 'Error_267', 'Descripción del error número 267', '2020-04-21', 7, '00000031-1', 'Resuelto'),
(268, 'Error_268', 'Descripción del error número 268', '2018-10-31', 2, '00000038-8', 'Abierto'),
(269, 'Error_269', 'Descripción del error número 269', '2022-02-19', 4, '00000002-2', 'En Progreso'),
(270, 'Error_270', 'Descripción del error número 270', '2022-06-16', 4, '00000018-8', 'Resuelto'),
(271, 'Error_271', 'Descripción del error número 271', '2021-01-24', 5, '00000044-4', 'Cerrado'),
(272, 'Error_272', 'Descripción del error número 272', '2020-09-19', 4, '00000004-4', 'Cerrado'),
(273, 'Error_273', 'Descripción del error número 273', '2020-02-24', 7, '00000036-6', 'Abierto'),
(274, 'Error_274', 'Descripción del error número 274', '2017-09-20', 4, '00000045-5', 'En Progreso'),
(275, 'Error_275', 'Descripción del error número 275', '2021-01-22', 5, '00000026-6', 'Abierto'),
(276, 'Error_276', 'Descripción del error número 276', '2019-03-21', 2, '00000041-1', 'Resuelto'),
(277, 'Error_277', 'Descripción del error número 277', '2023-06-30', 4, '00000020-0', 'Resuelto'),
(278, 'Error_278', 'Descripción del error número 278', '2020-12-13', 2, '00000043-3', 'Abierto'),
(279, 'Error_279', 'Descripción del error número 279', '2019-12-15', 6, '00000038-8', 'En Progreso'),
(280, 'Error_280', 'Descripción del error número 280', '2019-03-30', 1, '00000017-7', 'Abierto'),
(281, 'Error_281', 'Descripción del error número 281', '2020-08-31', 7, '00000031-1', 'Resuelto'),
(282, 'Error_282', 'Descripción del error número 282', '2018-10-21', 7, '00000019-9', 'En Progreso'),
(283, 'Error_283', 'Descripción del error número 283', '2019-10-12', 6, '00000043-3', 'Cerrado'),
(284, 'Error_284', 'Descripción del error número 284', '2018-07-26', 6, '00000029-9', 'En Progreso'),
(285, 'Error_285', 'Descripción del error número 285', '2024-04-27', 1, '00000028-8', 'En Progreso'),
(286, 'Error_286', 'Descripción del error número 286', '2020-07-05', 6, '00000048-8', 'Cerrado'),
(287, 'Error_287', 'Descripción del error número 287', '2021-07-26', 4, '00000029-9', 'Cerrado'),
(288, 'Error_288', 'Descripción del error número 288', '2022-10-26', 7, '00000006-6', 'Abierto'),
(289, 'Error_289', 'Descripción del error número 289', '2024-07-02', 6, '00000010-0', 'Resuelto'),
(290, 'Error_290', 'Descripción del error número 290', '2023-11-12', 8, '00000015-5', 'Abierto'),
(291, 'Error_291', 'Descripción del error número 291', '2024-11-06', 4, '00000016-6', 'Abierto'),
(292, 'Error_292', 'Descripción del error número 292', '2021-06-04', 1, '00000036-6', 'Resuelto'),
(293, 'Error_293', 'Descripción del error número 293', '2020-08-15', 7, '00000024-4', 'En Progreso'),
(294, 'Error_294', 'Descripción del error número 294', '2024-09-13', 8, '00000036-6', 'Resuelto'),
(295, 'Error_295', 'Descripción del error número 295', '2025-05-20', 4, '00000005-5', 'En Progreso'),
(296, 'Error_296', 'Descripción del error número 296', '2020-07-28', 3, '00000026-6', 'Cerrado'),
(297, 'Error_297', 'Descripción del error número 297', '2017-08-08', 6, '00000043-3', 'Abierto'),
(298, 'Error_298', 'Descripción del error número 298', '2020-09-28', 5, '00000021-1', 'En Progreso'),
(299, 'Error_299', 'Descripción del error número 299', '2017-10-18', 6, '00000031-1', 'Abierto'),
(300, 'Error_300', 'Descripción del error número 300', '2024-08-27', 4, '00000044-4', 'Resuelto');

--
-- Disparadores `solicitudes_error`
--
DELIMITER $$
CREATE TRIGGER `trg_limitar_errores_por_usuario_por_dia` BEFORE INSERT ON `solicitudes_error` FOR EACH ROW BEGIN
    DECLARE total INT;
    SELECT COUNT(*) INTO total FROM solicitudes_error
    WHERE autor_rut = NEW.autor_rut
      AND fecha_publicacion = NEW.fecha_publicacion;
    IF total >= 25 THEN
        SIGNAL SQLSTATE '45000'
        SET MESSAGE_TEXT = 'Un usuario no puede crear más de 25 solicitudes de error por día';
    END IF;
END
$$
DELIMITER ;

-- --------------------------------------------------------

--
-- Estructura de tabla para la tabla `solicitudes_funcionalidad`
--

CREATE TABLE `solicitudes_funcionalidad` (
  `id` int(11) NOT NULL,
  `titulo` varchar(150) NOT NULL,
  `ambiente` varchar(10) DEFAULT NULL,
  `resumen` varchar(150) NOT NULL,
  `id_topico` int(11) NOT NULL,
  `solicitante_rut` varchar(10) NOT NULL,
  `estado` varchar(20) NOT NULL,
  `fecha_creacion` date NOT NULL DEFAULT curdate()
) ENGINE=InnoDB DEFAULT CHARSET=utf8mb4 COLLATE=utf8mb4_general_ci;

--
-- Volcado de datos para la tabla `solicitudes_funcionalidad`
--

INSERT INTO `solicitudes_funcionalidad` (`id`, `titulo`, `ambiente`, `resumen`, `id_topico`, `solicitante_rut`, `estado`, `fecha_creacion`) VALUES
(1, 'Funcionalidad_1', NULL, 'Resumen de funcionalidad número 1', 4, '00000012-2', 'Resuelto', '2021-06-09'),
(2, 'Funcionalidad_2', NULL, 'Resumen de funcionalidad número 2', 5, '00000023-3', 'Abierto', '2020-05-30'),
(3, 'Funcionalidad_3', 'Movil', 'Resumen de funcionalidad número 3', 1, '00000024-4', 'En Progreso', '2022-06-28'),
(4, 'Funcionalidad_4', 'Movil', 'Resumen de funcionalidad número 4', 7, '00000041-1', 'Cerrado', '2021-11-22'),
(5, 'Funcionalidad_5', NULL, 'Resumen de funcionalidad número 5', 2, '00000003-3', 'En Progreso', '2021-09-21'),
(6, 'Funcionalidad_6', 'Movil', 'Resumen de funcionalidad número 6', 1, '00000013-3', 'Cerrado', '2019-12-07'),
(7, 'Funcionalidad_7', 'Web', 'Resumen de funcionalidad número 7', 8, '00000024-4', 'En Progreso', '2025-07-03'),
(8, 'Funcionalidad_8', NULL, 'Resumen de funcionalidad número 8', 3, '00000023-3', 'En Progreso', '2022-08-27'),
(9, 'Funcionalidad_9', 'Movil', 'Resumen de funcionalidad número 9', 8, '00000027-7', 'Resuelto', '2024-02-12'),
(10, 'Funcionalidad_10', 'Web', 'Resumen de funcionalidad número 10', 5, '00000015-5', 'Abierto', '2024-05-30'),
(11, 'Funcionalidad_11', NULL, 'Resumen de funcionalidad número 11', 6, '00000033-3', 'Resuelto', '2024-08-09'),
(12, 'Funcionalidad_12', 'Web', 'Resumen de funcionalidad número 12', 6, '00000021-1', 'Cerrado', '2017-11-08'),
(13, 'Funcionalidad_13', 'Movil', 'Resumen de funcionalidad número 13', 6, '00000031-1', 'Cerrado', '2025-09-21'),
(14, 'Funcionalidad_14', 'Web', 'Resumen de funcionalidad número 14', 2, '00000019-9', 'En Progreso', '2022-11-15'),
(15, 'Funcionalidad_15', 'Web', 'Resumen de funcionalidad número 15', 4, '00000040-0', 'En Progreso', '2024-09-20'),
(16, 'Funcionalidad_16', NULL, 'Resumen de funcionalidad número 16', 7, '00000015-5', 'Abierto', '2019-01-27'),
(17, 'Funcionalidad_17', 'Movil', 'Resumen de funcionalidad número 17', 8, '00000001-1', 'Resuelto', '2022-04-08'),
(18, 'Funcionalidad_18', 'Web', 'Resumen de funcionalidad número 18', 8, '00000040-0', 'Abierto', '2019-04-26'),
(19, 'Funcionalidad_19', 'Movil', 'Resumen de funcionalidad número 19', 8, '00000040-0', 'En Progreso', '2025-02-28'),
(20, 'Funcionalidad_20', 'Movil', 'Resumen de funcionalidad número 20', 6, '00000008-8', 'En Progreso', '2020-12-01'),
(21, 'Funcionalidad_21', 'Movil', 'Resumen de funcionalidad número 21', 5, '00000031-1', 'Cerrado', '2018-09-12'),
(22, 'Funcionalidad_22', 'Web', 'Resumen de funcionalidad número 22', 5, '00000020-0', 'Resuelto', '2021-10-29'),
(23, 'Funcionalidad_23', 'Web', 'Resumen de funcionalidad número 23', 5, '00000023-3', 'Resuelto', '2017-11-26'),
(24, 'Funcionalidad_24', 'Movil', 'Resumen de funcionalidad número 24', 4, '00000018-8', 'En Progreso', '2019-12-15'),
(25, 'Funcionalidad_25', 'Movil', 'Resumen de funcionalidad número 25', 4, '00000004-4', 'Resuelto', '2021-08-20'),
(26, 'Funcionalidad_26', 'Web', 'Resumen de funcionalidad número 26', 7, '00000043-3', 'En Progreso', '2021-04-08'),
(27, 'Funcionalidad_27', 'Movil', 'Resumen de funcionalidad número 27', 4, '00000017-7', 'Resuelto', '2017-09-16'),
(28, 'Funcionalidad_28', NULL, 'Resumen de funcionalidad número 28', 5, '00000041-1', 'Cerrado', '2019-04-28'),
(29, 'Funcionalidad_29', NULL, 'Resumen de funcionalidad número 29', 7, '00000017-7', 'Resuelto', '2022-01-07'),
(30, 'Funcionalidad_30', 'Movil', 'Resumen de funcionalidad número 30', 7, '00000029-9', 'Cerrado', '2025-01-30'),
(31, 'Funcionalidad_31', 'Movil', 'Resumen de funcionalidad número 31', 5, '00000039-9', 'Abierto', '2017-09-03'),
(32, 'Funcionalidad_32', NULL, 'Resumen de funcionalidad número 32', 4, '00000025-5', 'En Progreso', '2019-08-20'),
(33, 'Funcionalidad_33', 'Movil', 'Resumen de funcionalidad número 33', 4, '00000045-5', 'En Progreso', '2018-04-02'),
(34, 'Funcionalidad_34', 'Web', 'Resumen de funcionalidad número 34', 2, '00000036-6', 'Resuelto', '2021-03-10'),
(35, 'Funcionalidad_35', NULL, 'Resumen de funcionalidad número 35', 1, '00000011-1', 'Resuelto', '2020-09-23'),
(36, 'Funcionalidad_36', 'Movil', 'Resumen de funcionalidad número 36', 2, '00000049-9', 'En Progreso', '2020-10-31'),
(37, 'Funcionalidad_37', NULL, 'Resumen de funcionalidad número 37', 5, '00000047-7', 'Cerrado', '2023-04-23'),
(38, 'Funcionalidad_38', NULL, 'Resumen de funcionalidad número 38', 3, '00000032-2', 'Abierto', '2023-12-10'),
(39, 'Funcionalidad_39', 'Web', 'Resumen de funcionalidad número 39', 2, '00000034-4', 'Abierto', '2024-08-18'),
(40, 'Funcionalidad_40', NULL, 'Resumen de funcionalidad número 40', 8, '00000049-9', 'Resuelto', '2020-09-08'),
(41, 'Funcionalidad_41', 'Movil', 'Resumen de funcionalidad número 41', 3, '00000013-3', 'En Progreso', '2022-08-19'),
(42, 'Funcionalidad_42', 'Movil', 'Resumen de funcionalidad número 42', 1, '00000001-1', 'Resuelto', '2021-08-01'),
(43, 'Funcionalidad_43', 'Movil', 'Resumen de funcionalidad número 43', 4, '00000042-2', 'Resuelto', '2018-05-15'),
(44, 'Funcionalidad_44', 'Movil', 'Resumen de funcionalidad número 44', 5, '00000044-4', 'Abierto', '2020-11-11'),
(45, 'Funcionalidad_45', NULL, 'Resumen de funcionalidad número 45', 2, '00000018-8', 'Cerrado', '2024-11-20'),
(46, 'Funcionalidad_46', 'Web', 'Resumen de funcionalidad número 46', 8, '00000047-7', 'Abierto', '2025-09-02'),
(47, 'Funcionalidad_47', 'Movil', 'Resumen de funcionalidad número 47', 3, '00000029-9', 'Resuelto', '2021-05-17'),
(48, 'Funcionalidad_48', 'Movil', 'Resumen de funcionalidad número 48', 4, '00000014-4', 'Cerrado', '2025-02-23'),
(49, 'Funcionalidad_49', NULL, 'Resumen de funcionalidad número 49', 6, '00000037-7', 'Cerrado', '2025-06-20'),
(50, 'Funcionalidad_50', 'Web', 'Resumen de funcionalidad número 50', 2, '00000010-0', 'En Progreso', '2023-04-11'),
(51, 'Funcionalidad_51', 'Web', 'Resumen de funcionalidad número 51', 6, '00000030-0', 'Abierto', '2025-03-04'),
(52, 'Funcionalidad_52', NULL, 'Resumen de funcionalidad número 52', 1, '00000018-8', 'Resuelto', '2023-08-22'),
(53, 'Funcionalidad_53', NULL, 'Resumen de funcionalidad número 53', 6, '00000043-3', 'Abierto', '2025-07-18'),
(54, 'Funcionalidad_54', NULL, 'Resumen de funcionalidad número 54', 1, '00000048-8', 'En Progreso', '2019-06-16'),
(55, 'Funcionalidad_55', NULL, 'Resumen de funcionalidad número 55', 5, '00000020-0', 'Abierto', '2021-01-26'),
(56, 'Funcionalidad_56', 'Movil', 'Resumen de funcionalidad número 56', 8, '00000022-2', 'En Progreso', '2023-07-16'),
(57, 'Funcionalidad_57', 'Web', 'Resumen de funcionalidad número 57', 5, '00000039-9', 'En Progreso', '2021-12-29'),
(58, 'Funcionalidad_58', 'Movil', 'Resumen de funcionalidad número 58', 2, '00000027-7', 'Cerrado', '2020-07-27'),
(59, 'Funcionalidad_59', NULL, 'Resumen de funcionalidad número 59', 8, '00000003-3', 'Resuelto', '2018-06-26'),
(60, 'Funcionalidad_60', NULL, 'Resumen de funcionalidad número 60', 2, '00000008-8', 'Abierto', '2018-05-07'),
(61, 'Funcionalidad_61', 'Web', 'Resumen de funcionalidad número 61', 7, '00000026-6', 'Cerrado', '2020-12-05'),
(62, 'Funcionalidad_62', 'Movil', 'Resumen de funcionalidad número 62', 8, '00000050-0', 'Cerrado', '2020-12-14'),
(63, 'Funcionalidad_63', 'Movil', 'Resumen de funcionalidad número 63', 5, '00000001-1', 'En Progreso', '2023-01-26'),
(64, 'Funcionalidad_64', NULL, 'Resumen de funcionalidad número 64', 2, '00000028-8', 'Cerrado', '2020-03-16'),
(65, 'Funcionalidad_65', 'Movil', 'Resumen de funcionalidad número 65', 2, '00000002-2', 'Resuelto', '2024-11-16'),
(66, 'Funcionalidad_66', NULL, 'Resumen de funcionalidad número 66', 5, '00000040-0', 'En Progreso', '2025-07-08'),
(67, 'Funcionalidad_67', NULL, 'Resumen de funcionalidad número 67', 3, '00000039-9', 'Resuelto', '2025-06-07'),
(68, 'Funcionalidad_68', NULL, 'Resumen de funcionalidad número 68', 5, '00000038-8', 'Cerrado', '2019-07-20'),
(69, 'Funcionalidad_69', 'Movil', 'Resumen de funcionalidad número 69', 2, '00000016-6', 'Cerrado', '2022-10-27'),
(70, 'Funcionalidad_70', 'Movil', 'Resumen de funcionalidad número 70', 5, '00000044-4', 'Cerrado', '2019-01-12'),
(71, 'Funcionalidad_71', 'Movil', 'Resumen de funcionalidad número 71', 4, '00000015-5', 'En Progreso', '2020-06-02'),
(72, 'Funcionalidad_72', NULL, 'Resumen de funcionalidad número 72', 4, '00000041-1', 'Resuelto', '2020-03-30'),
(73, 'Funcionalidad_73', 'Movil', 'Resumen de funcionalidad número 73', 3, '00000005-5', 'Resuelto', '2019-11-27'),
(74, 'Funcionalidad_74', NULL, 'Resumen de funcionalidad número 74', 4, '00000032-2', 'En Progreso', '2019-03-29'),
(75, 'Funcionalidad_75', NULL, 'Resumen de funcionalidad número 75', 3, '00000041-1', 'Resuelto', '2023-05-21'),
(76, 'Funcionalidad_76', 'Web', 'Resumen de funcionalidad número 76', 7, '00000048-8', 'Abierto', '2021-10-29'),
(77, 'Funcionalidad_77', 'Web', 'Resumen de funcionalidad número 77', 8, '00000028-8', 'Resuelto', '2024-03-01'),
(78, 'Funcionalidad_78', 'Web', 'Resumen de funcionalidad número 78', 8, '00000014-4', 'Abierto', '2023-07-23'),
(79, 'Funcionalidad_79', NULL, 'Resumen de funcionalidad número 79', 6, '00000019-9', 'Cerrado', '2018-05-13'),
(80, 'Funcionalidad_80', NULL, 'Resumen de funcionalidad número 80', 8, '00000017-7', 'Cerrado', '2023-06-06'),
(81, 'Funcionalidad_81', 'Web', 'Resumen de funcionalidad número 81', 3, '00000023-3', 'Resuelto', '2020-10-04'),
(82, 'Funcionalidad_82', NULL, 'Resumen de funcionalidad número 82', 5, '00000044-4', 'Resuelto', '2024-09-03'),
(83, 'Funcionalidad_83', 'Web', 'Resumen de funcionalidad número 83', 4, '00000047-7', 'Resuelto', '2021-11-23'),
(84, 'Funcionalidad_84', NULL, 'Resumen de funcionalidad número 84', 8, '00000018-8', 'Resuelto', '2023-11-20'),
(85, 'Funcionalidad_85', NULL, 'Resumen de funcionalidad número 85', 7, '00000029-9', 'Abierto', '2023-02-17'),
(86, 'Funcionalidad_86', 'Web', 'Resumen de funcionalidad número 86', 5, '00000003-3', 'En Progreso', '2020-02-09'),
(87, 'Funcionalidad_87', 'Movil', 'Resumen de funcionalidad número 87', 1, '00000011-1', 'Resuelto', '2022-08-28'),
(88, 'Funcionalidad_88', NULL, 'Resumen de funcionalidad número 88', 1, '00000036-6', 'Abierto', '2024-07-08'),
(89, 'Funcionalidad_89', 'Movil', 'Resumen de funcionalidad número 89', 6, '00000047-7', 'En Progreso', '2019-06-11'),
(90, 'Funcionalidad_90', 'Web', 'Resumen de funcionalidad número 90', 3, '00000029-9', 'En Progreso', '2018-08-21'),
(91, 'Funcionalidad_91', 'Movil', 'Resumen de funcionalidad número 91', 6, '00000023-3', 'En Progreso', '2023-05-29'),
(92, 'Funcionalidad_92', 'Movil', 'Resumen de funcionalidad número 92', 8, '00000029-9', 'En Progreso', '2024-03-03'),
(93, 'Funcionalidad_93', NULL, 'Resumen de funcionalidad número 93', 7, '00000024-4', 'Resuelto', '2021-08-26'),
(94, 'Funcionalidad_94', 'Movil', 'Resumen de funcionalidad número 94', 4, '00000009-9', 'En Progreso', '2024-05-12'),
(95, 'Funcionalidad_95', 'Web', 'Resumen de funcionalidad número 95', 4, '00000025-5', 'Cerrado', '2021-04-05'),
(96, 'Funcionalidad_96', NULL, 'Resumen de funcionalidad número 96', 5, '00000044-4', 'Resuelto', '2019-01-30'),
(97, 'Funcionalidad_97', 'Web', 'Resumen de funcionalidad número 97', 3, '00000015-5', 'Cerrado', '2020-12-17'),
(98, 'Funcionalidad_98', NULL, 'Resumen de funcionalidad número 98', 1, '00000002-2', 'Abierto', '2018-12-02'),
(99, 'Funcionalidad_99', NULL, 'Resumen de funcionalidad número 99', 1, '00000039-9', 'Abierto', '2023-08-19'),
(100, 'Funcionalidad_100', 'Web', 'Resumen de funcionalidad número 100', 5, '00000030-0', 'Cerrado', '2019-03-04'),
(101, 'Funcionalidad_101', NULL, 'Resumen de funcionalidad número 101', 5, '00000029-9', 'Cerrado', '2022-09-25'),
(102, 'Funcionalidad_102', 'Movil', 'Resumen de funcionalidad número 102', 1, '00000036-6', 'Abierto', '2023-08-16'),
(103, 'Funcionalidad_103', 'Movil', 'Resumen de funcionalidad número 103', 5, '00000004-4', 'Cerrado', '2018-12-28'),
(104, 'Funcionalidad_104', 'Web', 'Resumen de funcionalidad número 104', 2, '00000005-5', 'Abierto', '2020-12-20'),
(105, 'Funcionalidad_105', 'Web', 'Resumen de funcionalidad número 105', 2, '00000010-0', 'Resuelto', '2020-09-07'),
(106, 'Funcionalidad_106', NULL, 'Resumen de funcionalidad número 106', 4, '00000023-3', 'Cerrado', '2021-10-21'),
(107, 'Funcionalidad_107', NULL, 'Resumen de funcionalidad número 107', 4, '00000014-4', 'Resuelto', '2017-09-20'),
(108, 'Funcionalidad_108', 'Web', 'Resumen de funcionalidad número 108', 4, '00000012-2', 'Cerrado', '2018-03-08'),
(109, 'Funcionalidad_109', NULL, 'Resumen de funcionalidad número 109', 1, '00000020-0', 'Abierto', '2017-10-31'),
(110, 'Funcionalidad_110', NULL, 'Resumen de funcionalidad número 110', 3, '00000001-1', 'Abierto', '2021-05-02'),
(111, 'Funcionalidad_111', NULL, 'Resumen de funcionalidad número 111', 5, '00000042-2', 'En Progreso', '2020-09-09'),
(112, 'Funcionalidad_112', NULL, 'Resumen de funcionalidad número 112', 1, '00000039-9', 'Abierto', '2020-11-13'),
(113, 'Funcionalidad_113', NULL, 'Resumen de funcionalidad número 113', 2, '00000045-5', 'En Progreso', '2017-10-29'),
(114, 'Funcionalidad_114', 'Web', 'Resumen de funcionalidad número 114', 8, '00000047-7', 'Cerrado', '2018-08-01'),
(115, 'Funcionalidad_115', 'Web', 'Resumen de funcionalidad número 115', 1, '00000048-8', 'Abierto', '2025-06-12'),
(116, 'Funcionalidad_116', 'Movil', 'Resumen de funcionalidad número 116', 6, '00000003-3', 'En Progreso', '2017-09-21'),
(117, 'Funcionalidad_117', 'Web', 'Resumen de funcionalidad número 117', 1, '00000026-6', 'Cerrado', '2019-06-22'),
(118, 'Funcionalidad_118', 'Movil', 'Resumen de funcionalidad número 118', 7, '00000006-6', 'Cerrado', '2018-07-08'),
(119, 'Funcionalidad_119', 'Movil', 'Resumen de funcionalidad número 119', 3, '00000006-6', 'Abierto', '2024-10-25'),
(120, 'Funcionalidad_120', NULL, 'Resumen de funcionalidad número 120', 7, '00000023-3', 'En Progreso', '2021-08-29'),
(121, 'Funcionalidad_121', 'Web', 'Resumen de funcionalidad número 121', 8, '00000011-1', 'Cerrado', '2024-05-27'),
(122, 'Funcionalidad_122', 'Movil', 'Resumen de funcionalidad número 122', 2, '00000022-2', 'Abierto', '2023-01-25'),
(123, 'Funcionalidad_123', 'Movil', 'Resumen de funcionalidad número 123', 5, '00000043-3', 'Resuelto', '2020-10-02'),
(124, 'Funcionalidad_124', 'Web', 'Resumen de funcionalidad número 124', 6, '00000009-9', 'En Progreso', '2021-01-05'),
(125, 'Funcionalidad_125', NULL, 'Resumen de funcionalidad número 125', 6, '00000002-2', 'En Progreso', '2022-08-11'),
(126, 'Funcionalidad_126', 'Web', 'Resumen de funcionalidad número 126', 2, '00000045-5', 'Cerrado', '2021-10-07'),
(127, 'Funcionalidad_127', NULL, 'Resumen de funcionalidad número 127', 8, '00000011-1', 'En Progreso', '2025-01-28'),
(128, 'Funcionalidad_128', NULL, 'Resumen de funcionalidad número 128', 5, '00000040-0', 'Cerrado', '2020-11-03'),
(129, 'Funcionalidad_129', 'Movil', 'Resumen de funcionalidad número 129', 8, '00000043-3', 'Abierto', '2021-12-08'),
(130, 'Funcionalidad_130', 'Movil', 'Resumen de funcionalidad número 130', 6, '00000046-6', 'En Progreso', '2019-07-29'),
(131, 'Funcionalidad_131', 'Movil', 'Resumen de funcionalidad número 131', 8, '00000036-6', 'En Progreso', '2021-04-20'),
(132, 'Funcionalidad_132', 'Movil', 'Resumen de funcionalidad número 132', 8, '00000048-8', 'Resuelto', '2019-09-03'),
(133, 'Funcionalidad_133', 'Movil', 'Resumen de funcionalidad número 133', 3, '00000013-3', 'Cerrado', '2019-05-30'),
(134, 'Funcionalidad_134', 'Web', 'Resumen de funcionalidad número 134', 6, '00000001-1', 'Resuelto', '2019-08-09'),
(135, 'Funcionalidad_135', NULL, 'Resumen de funcionalidad número 135', 8, '00000014-4', 'Abierto', '2024-05-02'),
(136, 'Funcionalidad_136', 'Web', 'Resumen de funcionalidad número 136', 3, '00000008-8', 'En Progreso', '2023-10-19'),
(137, 'Funcionalidad_137', 'Web', 'Resumen de funcionalidad número 137', 8, '00000021-1', 'Abierto', '2018-11-19'),
(138, 'Funcionalidad_138', 'Web', 'Resumen de funcionalidad número 138', 6, '00000042-2', 'Abierto', '2017-08-27'),
(139, 'Funcionalidad_139', NULL, 'Resumen de funcionalidad número 139', 2, '00000048-8', 'Abierto', '2023-07-09'),
(140, 'Funcionalidad_140', NULL, 'Resumen de funcionalidad número 140', 5, '00000006-6', 'En Progreso', '2022-12-29'),
(141, 'Funcionalidad_141', NULL, 'Resumen de funcionalidad número 141', 2, '00000009-9', 'Resuelto', '2018-03-24'),
(142, 'Funcionalidad_142', NULL, 'Resumen de funcionalidad número 142', 5, '00000008-8', 'Abierto', '2020-09-13'),
(143, 'Funcionalidad_143', NULL, 'Resumen de funcionalidad número 143', 3, '00000046-6', 'En Progreso', '2023-02-01'),
(144, 'Funcionalidad_144', 'Web', 'Resumen de funcionalidad número 144', 5, '00000022-2', 'En Progreso', '2024-11-05'),
(145, 'Funcionalidad_145', 'Movil', 'Resumen de funcionalidad número 145', 5, '00000039-9', 'En Progreso', '2017-09-15'),
(146, 'Funcionalidad_146', 'Web', 'Resumen de funcionalidad número 146', 7, '00000002-2', 'En Progreso', '2018-06-29'),
(147, 'Funcionalidad_147', NULL, 'Resumen de funcionalidad número 147', 3, '00000003-3', 'En Progreso', '2020-11-17'),
(148, 'Funcionalidad_148', 'Web', 'Resumen de funcionalidad número 148', 3, '00000026-6', 'En Progreso', '2018-01-29'),
(149, 'Funcionalidad_149', NULL, 'Resumen de funcionalidad número 149', 5, '00000025-5', 'Abierto', '2020-03-12'),
(150, 'Funcionalidad_150', 'Web', 'Resumen de funcionalidad número 150', 7, '00000008-8', 'Resuelto', '2024-10-26'),
(151, 'Funcionalidad_151', 'Movil', 'Resumen de funcionalidad número 151', 3, '00000045-5', 'Cerrado', '2025-09-02'),
(152, 'Funcionalidad_152', NULL, 'Resumen de funcionalidad número 152', 8, '00000048-8', 'En Progreso', '2017-11-16'),
(153, 'Funcionalidad_153', NULL, 'Resumen de funcionalidad número 153', 5, '00000038-8', 'En Progreso', '2023-06-05'),
(154, 'Funcionalidad_154', 'Web', 'Resumen de funcionalidad número 154', 5, '00000002-2', 'Resuelto', '2022-12-15'),
(155, 'Funcionalidad_155', 'Movil', 'Resumen de funcionalidad número 155', 1, '00000013-3', 'Abierto', '2022-07-30'),
(156, 'Funcionalidad_156', 'Web', 'Resumen de funcionalidad número 156', 8, '00000044-4', 'Cerrado', '2025-01-07'),
(157, 'Funcionalidad_157', 'Movil', 'Resumen de funcionalidad número 157', 6, '00000039-9', 'En Progreso', '2018-06-23'),
(158, 'Funcionalidad_158', NULL, 'Resumen de funcionalidad número 158', 7, '00000007-7', 'Resuelto', '2025-08-17'),
(159, 'Funcionalidad_159', 'Web', 'Resumen de funcionalidad número 159', 3, '00000025-5', 'Cerrado', '2024-07-29'),
(160, 'Funcionalidad_160', NULL, 'Resumen de funcionalidad número 160', 6, '00000015-5', 'En Progreso', '2024-04-03'),
(161, 'Funcionalidad_161', 'Web', 'Resumen de funcionalidad número 161', 3, '00000014-4', 'Resuelto', '2021-02-04'),
(162, 'Funcionalidad_162', NULL, 'Resumen de funcionalidad número 162', 7, '00000020-0', 'En Progreso', '2021-04-27'),
(163, 'Funcionalidad_163', 'Movil', 'Resumen de funcionalidad número 163', 6, '00000015-5', 'Resuelto', '2021-01-06'),
(164, 'Funcionalidad_164', NULL, 'Resumen de funcionalidad número 164', 1, '00000027-7', 'Resuelto', '2025-04-12'),
(165, 'Funcionalidad_165', 'Movil', 'Resumen de funcionalidad número 165', 6, '00000033-3', 'Cerrado', '2024-07-10'),
(166, 'Funcionalidad_166', NULL, 'Resumen de funcionalidad número 166', 1, '00000016-6', 'En Progreso', '2020-01-14'),
(167, 'Funcionalidad_167', 'Web', 'Resumen de funcionalidad número 167', 1, '00000001-1', 'Cerrado', '2025-04-18'),
(168, 'Funcionalidad_168', 'Movil', 'Resumen de funcionalidad número 168', 7, '00000024-4', 'Cerrado', '2022-11-29'),
(169, 'Funcionalidad_169', NULL, 'Resumen de funcionalidad número 169', 3, '00000010-0', 'Resuelto', '2019-05-23'),
(170, 'Funcionalidad_170', 'Movil', 'Resumen de funcionalidad número 170', 7, '00000010-0', 'Resuelto', '2018-10-22'),
(171, 'Funcionalidad_171', 'Movil', 'Resumen de funcionalidad número 171', 4, '00000034-4', 'Abierto', '2025-06-26'),
(172, 'Funcionalidad_172', 'Web', 'Resumen de funcionalidad número 172', 5, '00000042-2', 'Abierto', '2020-10-28'),
(173, 'Funcionalidad_173', 'Movil', 'Resumen de funcionalidad número 173', 4, '00000043-3', 'Cerrado', '2023-08-21'),
(174, 'Funcionalidad_174', 'Movil', 'Resumen de funcionalidad número 174', 6, '00000018-8', 'Cerrado', '2018-03-24'),
(175, 'Funcionalidad_175', 'Movil', 'Resumen de funcionalidad número 175', 1, '00000001-1', 'Abierto', '2019-09-04'),
(176, 'Funcionalidad_176', 'Web', 'Resumen de funcionalidad número 176', 2, '00000028-8', 'Abierto', '2025-02-25'),
(177, 'Funcionalidad_177', NULL, 'Resumen de funcionalidad número 177', 4, '00000045-5', 'En Progreso', '2019-12-13'),
(178, 'Funcionalidad_178', NULL, 'Resumen de funcionalidad número 178', 5, '00000031-1', 'Resuelto', '2021-05-11'),
(179, 'Funcionalidad_179', 'Movil', 'Resumen de funcionalidad número 179', 2, '00000006-6', 'Abierto', '2024-05-16'),
(180, 'Funcionalidad_180', 'Movil', 'Resumen de funcionalidad número 180', 2, '00000048-8', 'Abierto', '2023-03-30'),
(181, 'Funcionalidad_181', NULL, 'Resumen de funcionalidad número 181', 8, '00000045-5', 'Cerrado', '2022-09-30'),
(182, 'Funcionalidad_182', NULL, 'Resumen de funcionalidad número 182', 7, '00000010-0', 'En Progreso', '2018-04-29'),
(183, 'Funcionalidad_183', 'Web', 'Resumen de funcionalidad número 183', 5, '00000004-4', 'Resuelto', '2024-09-02'),
(184, 'Funcionalidad_184', 'Web', 'Resumen de funcionalidad número 184', 3, '00000039-9', 'En Progreso', '2021-11-06'),
(185, 'Funcionalidad_185', 'Web', 'Resumen de funcionalidad número 185', 5, '00000010-0', 'Cerrado', '2022-03-28'),
(186, 'Funcionalidad_186', 'Web', 'Resumen de funcionalidad número 186', 2, '00000045-5', 'En Progreso', '2021-05-16'),
(187, 'Funcionalidad_187', 'Movil', 'Resumen de funcionalidad número 187', 2, '00000018-8', 'En Progreso', '2025-10-12'),
(188, 'Funcionalidad_188', NULL, 'Resumen de funcionalidad número 188', 4, '00000013-3', 'Cerrado', '2020-11-23'),
(189, 'Funcionalidad_189', 'Web', 'Resumen de funcionalidad número 189', 6, '00000026-6', 'Resuelto', '2019-11-24'),
(190, 'Funcionalidad_190', NULL, 'Resumen de funcionalidad número 190', 8, '00000021-1', 'Resuelto', '2025-01-27'),
(191, 'Funcionalidad_191', NULL, 'Resumen de funcionalidad número 191', 2, '00000027-7', 'Abierto', '2020-05-27'),
(192, 'Funcionalidad_192', NULL, 'Resumen de funcionalidad número 192', 8, '00000010-0', 'En Progreso', '2020-06-03'),
(193, 'Funcionalidad_193', NULL, 'Resumen de funcionalidad número 193', 6, '00000029-9', 'En Progreso', '2025-03-22'),
(194, 'Funcionalidad_194', 'Movil', 'Resumen de funcionalidad número 194', 8, '00000004-4', 'En Progreso', '2019-11-27'),
(195, 'Funcionalidad_195', NULL, 'Resumen de funcionalidad número 195', 8, '00000029-9', 'Cerrado', '2019-03-10'),
(196, 'Funcionalidad_196', 'Web', 'Resumen de funcionalidad número 196', 2, '00000038-8', 'En Progreso', '2019-03-23'),
(197, 'Funcionalidad_197', NULL, 'Resumen de funcionalidad número 197', 8, '00000045-5', 'En Progreso', '2019-10-04'),
(198, 'Funcionalidad_198', 'Web', 'Resumen de funcionalidad número 198', 2, '00000041-1', 'Cerrado', '2025-03-20'),
(199, 'Funcionalidad_199', 'Web', 'Resumen de funcionalidad número 199', 3, '00000003-3', 'Cerrado', '2018-01-22'),
(200, 'Funcionalidad_200', 'Web', 'Resumen de funcionalidad número 200', 5, '00000038-8', 'Resuelto', '2022-07-29');

--
-- Disparadores `solicitudes_funcionalidad`
--
DELIMITER $$
CREATE TRIGGER `trg_limitar_funcionalidades_por_usuario_por_dia` BEFORE INSERT ON `solicitudes_funcionalidad` FOR EACH ROW BEGIN
    DECLARE total INT;
    SELECT COUNT(*) INTO total FROM solicitudes_funcionalidad
    WHERE solicitante_rut = NEW.solicitante_rut
      AND fecha_creacion = NEW.fecha_creacion;
    IF total >= 25 THEN
        SIGNAL SQLSTATE '45000'
        SET MESSAGE_TEXT = 'Un usuario no puede crear más de 25 solicitudes de funcionalidad por día';
    END IF;
END
$$
DELIMITER ;

-- --------------------------------------------------------

--
-- Estructura de tabla para la tabla `topicos`
--

CREATE TABLE `topicos` (
  `id` int(11) NOT NULL,
  `nombre` varchar(50) NOT NULL
) ENGINE=InnoDB DEFAULT CHARSET=utf8mb4 COLLATE=utf8mb4_general_ci;

--
-- Volcado de datos para la tabla `topicos`
--

INSERT INTO `topicos` (`id`, `nombre`) VALUES
(5, 'API'),
(1, 'Backend'),
(4, 'Base de Datos'),
(7, 'DevOps'),
(6, 'Frontend'),
(2, 'Seguridad'),
(8, 'Testing'),
(3, 'UX/UI');

-- --------------------------------------------------------

--
-- Estructura de tabla para la tabla `usuarios`
--

CREATE TABLE `usuarios` (
  `rut` varchar(10) NOT NULL,
  `nombre` varchar(100) NOT NULL,
  `email` varchar(100) NOT NULL
) ENGINE=InnoDB DEFAULT CHARSET=utf8mb4 COLLATE=utf8mb4_general_ci;

--
-- Volcado de datos para la tabla `usuarios`
--

INSERT INTO `usuarios` (`rut`, `nombre`, `email`) VALUES
('00000001-1', 'Usuario_1', 'usuario1@mail.com'),
('00000002-2', 'Usuario_2', 'usuario2@mail.com'),
('00000003-3', 'Usuario_3', 'usuario3@mail.com'),
('00000004-4', 'Usuario_4', 'usuario4@mail.com'),
('00000005-5', 'Usuario_5', 'usuario5@mail.com'),
('00000006-6', 'Usuario_6', 'usuario6@mail.com'),
('00000007-7', 'Usuario_7', 'usuario7@mail.com'),
('00000008-8', 'Usuario_8', 'usuario8@mail.com'),
('00000009-9', 'Usuario_9', 'usuario9@mail.com'),
('00000010-0', 'Usuario_10', 'usuario10@mail.com'),
('00000011-1', 'Usuario_11', 'usuario11@mail.com'),
('00000012-2', 'Usuario_12', 'usuario12@mail.com'),
('00000013-3', 'Usuario_13', 'usuario13@mail.com'),
('00000014-4', 'Usuario_14', 'usuario14@mail.com'),
('00000015-5', 'Usuario_15', 'usuario15@mail.com'),
('00000016-6', 'Usuario_16', 'usuario16@mail.com'),
('00000017-7', 'Usuario_17', 'usuario17@mail.com'),
('00000018-8', 'Usuario_18', 'usuario18@mail.com'),
('00000019-9', 'Usuario_19', 'usuario19@mail.com'),
('00000020-0', 'Usuario_20', 'usuario20@mail.com'),
('00000021-1', 'Usuario_21', 'usuario21@mail.com'),
('00000022-2', 'Usuario_22', 'usuario22@mail.com'),
('00000023-3', 'Usuario_23', 'usuario23@mail.com'),
('00000024-4', 'Usuario_24', 'usuario24@mail.com'),
('00000025-5', 'Usuario_25', 'usuario25@mail.com'),
('00000026-6', 'Usuario_26', 'usuario26@mail.com'),
('00000027-7', 'Usuario_27', 'usuario27@mail.com'),
('00000028-8', 'Usuario_28', 'usuario28@mail.com'),
('00000029-9', 'Usuario_29', 'usuario29@mail.com'),
('00000030-0', 'Usuario_30', 'usuario30@mail.com'),
('00000031-1', 'Usuario_31', 'usuario31@mail.com'),
('00000032-2', 'Usuario_32', 'usuario32@mail.com'),
('00000033-3', 'Usuario_33', 'usuario33@mail.com'),
('00000034-4', 'Usuario_34', 'usuario34@mail.com'),
('00000035-5', 'Usuario_35', 'usuario35@mail.com'),
('00000036-6', 'Usuario_36', 'usuario36@mail.com'),
('00000037-7', 'Usuario_37', 'usuario37@mail.com'),
('00000038-8', 'Usuario_38', 'usuario38@mail.com'),
('00000039-9', 'Usuario_39', 'usuario39@mail.com'),
('00000040-0', 'Usuario_40', 'usuario40@mail.com'),
('00000041-1', 'Usuario_41', 'usuario41@mail.com'),
('00000042-2', 'Usuario_42', 'usuario42@mail.com'),
('00000043-3', 'Usuario_43', 'usuario43@mail.com'),
('00000044-4', 'Usuario_44', 'usuario44@mail.com'),
('00000045-5', 'Usuario_45', 'usuario45@mail.com'),
('00000046-6', 'Usuario_46', 'usuario46@mail.com'),
('00000047-7', 'Usuario_47', 'usuario47@mail.com'),
('00000048-8', 'Usuario_48', 'usuario48@mail.com'),
('00000049-9', 'Usuario_49', 'usuario49@mail.com'),
('00000050-0', 'Usuario_50', 'usuario50@mail.com');

--
-- Índices para tablas volcadas
--

--
-- Indices de la tabla `criterios_aceptacion`
--
ALTER TABLE `criterios_aceptacion`
  ADD PRIMARY KEY (`id`),
  ADD KEY `id_funcionalidad` (`id_funcionalidad`);

--
-- Indices de la tabla `ingenieros`
--
ALTER TABLE `ingenieros`
  ADD PRIMARY KEY (`rut`);

--
-- Indices de la tabla `ingeniero_especialidad`
--
ALTER TABLE `ingeniero_especialidad`
  ADD PRIMARY KEY (`rut_ingeniero`,`id_topico`),
  ADD KEY `id_topico` (`id_topico`);

--
-- Indices de la tabla `ingeniero_solicitud`
--
ALTER TABLE `ingeniero_solicitud`
  ADD PRIMARY KEY (`id`),
  ADD KEY `rut_ingeniero` (`rut_ingeniero`);

--
-- Indices de la tabla `solicitudes_error`
--
ALTER TABLE `solicitudes_error`
  ADD PRIMARY KEY (`id`),
  ADD UNIQUE KEY `titulo` (`titulo`),
  ADD KEY `id_topico` (`id_topico`),
  ADD KEY `autor_rut` (`autor_rut`);

--
-- Indices de la tabla `solicitudes_funcionalidad`
--
ALTER TABLE `solicitudes_funcionalidad`
  ADD PRIMARY KEY (`id`),
  ADD UNIQUE KEY `titulo` (`titulo`),
  ADD KEY `id_topico` (`id_topico`),
  ADD KEY `solicitante_rut` (`solicitante_rut`);

--
-- Indices de la tabla `topicos`
--
ALTER TABLE `topicos`
  ADD PRIMARY KEY (`id`),
  ADD UNIQUE KEY `nombre` (`nombre`);

--
-- Indices de la tabla `usuarios`
--
ALTER TABLE `usuarios`
  ADD PRIMARY KEY (`rut`);

--
-- AUTO_INCREMENT de las tablas volcadas
--

--
-- AUTO_INCREMENT de la tabla `criterios_aceptacion`
--
ALTER TABLE `criterios_aceptacion`
  MODIFY `id` int(11) NOT NULL AUTO_INCREMENT, AUTO_INCREMENT=601;

--
-- AUTO_INCREMENT de la tabla `ingeniero_solicitud`
--
ALTER TABLE `ingeniero_solicitud`
  MODIFY `id` int(11) NOT NULL AUTO_INCREMENT, AUTO_INCREMENT=1496;

--
-- AUTO_INCREMENT de la tabla `solicitudes_error`
--
ALTER TABLE `solicitudes_error`
  MODIFY `id` int(11) NOT NULL AUTO_INCREMENT, AUTO_INCREMENT=301;

--
-- AUTO_INCREMENT de la tabla `solicitudes_funcionalidad`
--
ALTER TABLE `solicitudes_funcionalidad`
  MODIFY `id` int(11) NOT NULL AUTO_INCREMENT, AUTO_INCREMENT=201;

--
-- AUTO_INCREMENT de la tabla `topicos`
--
ALTER TABLE `topicos`
  MODIFY `id` int(11) NOT NULL AUTO_INCREMENT, AUTO_INCREMENT=9;

--
-- Restricciones para tablas volcadas
--

--
-- Filtros para la tabla `criterios_aceptacion`
--
ALTER TABLE `criterios_aceptacion`
  ADD CONSTRAINT `criterios_aceptacion_ibfk_1` FOREIGN KEY (`id_funcionalidad`) REFERENCES `solicitudes_funcionalidad` (`id`) ON DELETE CASCADE;

--
-- Filtros para la tabla `ingeniero_especialidad`
--
ALTER TABLE `ingeniero_especialidad`
  ADD CONSTRAINT `ingeniero_especialidad_ibfk_1` FOREIGN KEY (`rut_ingeniero`) REFERENCES `ingenieros` (`rut`) ON DELETE CASCADE,
  ADD CONSTRAINT `ingeniero_especialidad_ibfk_2` FOREIGN KEY (`id_topico`) REFERENCES `topicos` (`id`) ON DELETE CASCADE;

--
-- Filtros para la tabla `ingeniero_solicitud`
--
ALTER TABLE `ingeniero_solicitud`
  ADD CONSTRAINT `ingeniero_solicitud_ibfk_1` FOREIGN KEY (`rut_ingeniero`) REFERENCES `ingenieros` (`rut`) ON DELETE CASCADE;

--
-- Filtros para la tabla `solicitudes_error`
--
ALTER TABLE `solicitudes_error`
  ADD CONSTRAINT `solicitudes_error_ibfk_1` FOREIGN KEY (`id_topico`) REFERENCES `topicos` (`id`) ON DELETE CASCADE,
  ADD CONSTRAINT `solicitudes_error_ibfk_2` FOREIGN KEY (`autor_rut`) REFERENCES `usuarios` (`rut`) ON DELETE CASCADE;

--
-- Filtros para la tabla `solicitudes_funcionalidad`
--
ALTER TABLE `solicitudes_funcionalidad`
  ADD CONSTRAINT `solicitudes_funcionalidad_ibfk_1` FOREIGN KEY (`id_topico`) REFERENCES `topicos` (`id`) ON DELETE CASCADE,
  ADD CONSTRAINT `solicitudes_funcionalidad_ibfk_2` FOREIGN KEY (`solicitante_rut`) REFERENCES `usuarios` (`rut`) ON DELETE CASCADE;
COMMIT;

/*!40101 SET CHARACTER_SET_CLIENT=@OLD_CHARACTER_SET_CLIENT */;
/*!40101 SET CHARACTER_SET_RESULTS=@OLD_CHARACTER_SET_RESULTS */;
/*!40101 SET COLLATION_CONNECTION=@OLD_COLLATION_CONNECTION */;
